image,ALB,BET,DOL,LAG,NoF,OTHER,SHARK,YFT
img_00005.jpg,0.369088,0.034918,0.002369,0.008266,0.014997,0.024401,0.020532,0.133044
img_00007.jpg,0.458215,0.068990,0.009126,0.022756,0.031552,0.048103,0.037866,0.200095
img_00009.jpg,0.457712,0.099392,0.018703,0.036550,0.059794,0.077845,0.059169,0.229240
img_00018.jpg,0.563094,0.042419,0.004292,0.013246,0.025248,0.030992,0.023968,0.135268
img_00027.jpg,0.254194,0.025394,0.001251,0.003351,0.005298,0.017817,0.015307,0.175126
img_00030.jpg,0.567415,0.036162,0.002740,0.009160,0.018453,0.026157,0.018539,0.112444
img_00040.jpg,0.264405,0.025262,0.001355,0.003324,0.005461,0.019403,0.016369,0.164443
img_00046.jpg,0.658023,0.014629,0.000733,0.003727,0.006741,0.013331,0.009708,0.085926
img_00053.jpg,0.513622,0.038693,0.003504,0.010084,0.030047,0.027775,0.019083,0.140124
img_00071.jpg,0.399577,0.082784,0.010528,0.023998,0.041490,0.049337,0.037520,0.223007
img_00075.jpg,0.449870,0.071067,0.008336,0.019623,0.030860,0.045317,0.036155,0.193784
img_00102.jpg,0.264077,0.030526,0.002152,0.004611,0.007810,0.025317,0.021562,0.177850
img_00103.jpg,0.446073,0.066236,0.009262,0.023787,0.053708,0.051913,0.035953,0.191818
img_00109.jpg,0.448801,0.023064,0.000646,0.002854,0.005094,0.007702,0.006747,0.170406
img_00119.jpg,0.191142,0.008645,0.000016,0.000271,0.813262,0.005630,0.000306,0.008910
img_00120.jpg,0.256012,0.021454,0.001334,0.003042,0.004998,0.019943,0.017477,0.178434
img_00125.jpg,0.508369,0.056487,0.006730,0.018902,0.031446,0.043606,0.033020,0.156423
img_00128.jpg,0.257147,0.037634,0.001454,0.003877,0.004705,0.009816,0.010463,0.312656
img_00129.jpg,0.263757,0.025523,0.001417,0.003517,0.005737,0.020058,0.017026,0.158671
img_00133.jpg,0.427440,0.097101,0.018713,0.036248,0.077448,0.076897,0.056535,0.239076
img_00138.jpg,0.409737,0.063606,0.006255,0.014775,0.031953,0.039814,0.029295,0.194921
img_00141.jpg,0.263485,0.044147,0.002100,0.005123,0.007947,0.013109,0.013919,0.294631
img_00152.jpg,0.413136,0.076494,0.009029,0.019592,0.039610,0.040127,0.033154,0.221692
img_00161.jpg,0.300797,0.089500,0.008788,0.015690,0.061608,0.047759,0.029006,0.258078
img_00164.jpg,0.312585,0.065106,0.004609,0.011478,0.048795,0.027781,0.017248,0.234564
img_00170.jpg,0.457890,0.051936,0.004814,0.013347,0.030648,0.033768,0.023379,0.173844
img_00171.jpg,0.469927,0.047288,0.004058,0.011023,0.024890,0.030905,0.021208,0.163991
img_00172.jpg,0.279980,0.044081,0.001969,0.006342,0.014971,0.018659,0.013563,0.181607
img_00175.jpg,0.489633,0.042349,0.003510,0.010051,0.023153,0.028976,0.019269,0.151693
img_00180.jpg,0.335788,0.059032,0.008164,0.017169,0.046531,0.051544,0.040149,0.197872
img_00196.jpg,0.214570,0.014695,0.000070,0.000804,0.755867,0.010011,0.000839,0.019425
img_00212.jpg,0.416772,0.067391,0.004637,0.010251,0.017646,0.029042,0.021706,0.242236
img_00223.jpg,0.411186,0.056816,0.004754,0.013036,0.027959,0.032665,0.022436,0.197693
img_00230.jpg,0.438508,0.053613,0.004874,0.014290,0.020359,0.033852,0.025709,0.178497
img_00232.jpg,0.430520,0.065583,0.007429,0.018832,0.052622,0.041369,0.030621,0.176668
img_00244.jpg,0.479420,0.080078,0.013462,0.028606,0.053906,0.059812,0.043140,0.205318
img_00272.jpg,0.429576,0.038245,0.002377,0.007631,0.014688,0.020466,0.014378,0.180905
img_00280.jpg,0.336668,0.029729,0.001087,0.004877,0.013962,0.014076,0.009615,0.143898
img_00282.jpg,0.469664,0.047370,0.004051,0.011148,0.024944,0.031122,0.021261,0.164471
img_00285.jpg,0.209394,0.021775,0.001582,0.003485,0.005752,0.023436,0.020482,0.193670
img_00289.jpg,0.514897,0.085190,0.013731,0.029365,0.066503,0.058095,0.042245,0.199198
img_00292.jpg,0.211786,0.026884,0.001729,0.003839,0.007257,0.023369,0.019680,0.190115
img_00302.jpg,0.259895,0.024502,0.001245,0.003171,0.005236,0.018483,0.015715,0.159904
img_00311.jpg,0.415477,0.048987,0.003908,0.011834,0.025216,0.024855,0.018790,0.191209
img_00320.jpg,0.510903,0.038371,0.002736,0.010321,0.021504,0.024613,0.019499,0.154219
img_00331.jpg,0.352826,0.030481,0.001816,0.004798,0.007612,0.022051,0.018186,0.164126
img_00358.jpg,0.305639,0.038520,0.002996,0.006601,0.011266,0.031586,0.024182,0.181501
img_00374.jpg,0.369472,0.081424,0.009094,0.019953,0.034817,0.043068,0.033785,0.244804
img_00375.jpg,0.457984,0.062467,0.006262,0.015577,0.032878,0.041370,0.029391,0.187845
img_00376.jpg,0.282712,0.016747,0.000646,0.002470,0.004964,0.013362,0.010692,0.130991
img_00380.jpg,0.438633,0.048142,0.004502,0.011575,0.036356,0.033960,0.022934,0.161480
img_00383.jpg,0.383093,0.044721,0.002947,0.009519,0.023218,0.022282,0.015585,0.168993
img_00398.jpg,0.618513,0.029237,0.002624,0.009447,0.020347,0.026269,0.019090,0.101760
img_00407.jpg,0.454318,0.035974,0.002634,0.009303,0.020252,0.023165,0.016372,0.152080
img_00417.jpg,0.426102,0.068791,0.004803,0.010338,0.018406,0.029439,0.022308,0.242623
img_00432.jpg,0.313231,0.070916,0.009740,0.020863,0.046389,0.058194,0.043679,0.197167
img_00442.jpg,0.348527,0.032845,0.001408,0.004004,0.010288,0.010754,0.011828,0.184742
img_00446.jpg,0.452675,0.090275,0.017997,0.039091,0.068064,0.067318,0.047355,0.248585
img_00469.jpg,0.472259,0.091718,0.016546,0.036153,0.062158,0.070234,0.052586,0.205063
img_00473.jpg,0.506905,0.017411,0.000595,0.003382,0.003492,0.009711,0.006921,0.172892
img_00483.jpg,0.345040,0.033856,0.001654,0.006772,0.017691,0.018886,0.014505,0.148180
img_00484.jpg,0.505322,0.058926,0.007725,0.019963,0.043671,0.048325,0.033673,0.148091
img_00486.jpg,0.456975,0.044520,0.003500,0.009747,0.017492,0.027192,0.020767,0.175401
img_00487.jpg,0.201835,0.047663,0.003914,0.010784,0.095362,0.027164,0.023763,0.225787
img_00493.jpg,0.531786,0.043412,0.006050,0.015656,0.029027,0.045541,0.033208,0.129220
img_00518.jpg,0.677144,0.010714,0.000508,0.003041,0.007791,0.010767,0.006608,0.079308
img_00533.jpg,0.264558,0.030802,0.002238,0.004647,0.007933,0.027392,0.023703,0.174833
img_00538.jpg,0.501234,0.057120,0.006847,0.016625,0.042599,0.040165,0.031378,0.161074
img_00543.jpg,0.411390,0.051209,0.004117,0.012449,0.026698,0.025886,0.019626,0.190883
img_00550.jpg,0.322642,0.070419,0.008176,0.019382,0.043510,0.050860,0.038886,0.197540
img_00551.jpg,0.471437,0.047858,0.004536,0.012603,0.027867,0.033672,0.023525,0.165069
img_00564.jpg,0.317261,0.072186,0.013276,0.025190,0.074563,0.073248,0.047732,0.192710
img_00575.jpg,0.260364,0.024954,0.001330,0.003681,0.006750,0.019266,0.015790,0.158510
img_00582.jpg,0.457790,0.072398,0.010352,0.028010,0.043727,0.052742,0.037863,0.204620
img_00584.jpg,0.395865,0.058982,0.004009,0.010450,0.029869,0.027231,0.022016,0.173851
img_00587.jpg,0.255979,0.025812,0.001359,0.003688,0.006177,0.018673,0.015844,0.173614
img_00590.jpg,0.252426,0.025943,0.001280,0.003199,0.005456,0.018965,0.016652,0.169332
img_00591.jpg,0.324855,0.021443,0.000989,0.002779,0.004726,0.015765,0.014335,0.147561
img_00598.jpg,0.449077,0.048254,0.004237,0.012076,0.022745,0.027881,0.019620,0.179226
img_00599.jpg,0.245780,0.021842,0.001132,0.002810,0.004357,0.017847,0.016242,0.168024
img_00612.jpg,0.227068,0.019336,0.002623,0.005871,0.015921,0.036992,0.029816,0.149028
img_00618.jpg,0.519955,0.074511,0.009437,0.022041,0.049396,0.047069,0.033300,0.178672
img_00620.jpg,0.457139,0.051354,0.005347,0.014215,0.031286,0.034715,0.026156,0.188604
img_00642.jpg,0.447514,0.055703,0.006298,0.017386,0.039715,0.036398,0.029340,0.161809
img_00646.jpg,0.352106,0.047237,0.002583,0.006562,0.011722,0.016254,0.016531,0.209771
img_00648.jpg,0.415393,0.049462,0.003914,0.011811,0.024993,0.024871,0.018937,0.190828
img_00650.jpg,0.227542,0.015340,0.001873,0.004570,0.014141,0.033228,0.025423,0.130158
img_00654.jpg,0.404668,0.063003,0.005793,0.013158,0.033406,0.035348,0.026757,0.182036
img_00664.jpg,0.482187,0.036311,0.002210,0.009167,0.015024,0.020122,0.015341,0.173559
img_00667.jpg,0.217663,0.014195,0.000061,0.000720,0.773750,0.009669,0.000759,0.016947
img_00676.jpg,0.189149,0.008278,0.000015,0.000252,0.815599,0.005411,0.000285,0.008544
img_00697.jpg,0.257124,0.045212,0.002191,0.005332,0.007758,0.013405,0.015064,0.293512
img_00708.jpg,0.210098,0.022857,0.002293,0.004642,0.007405,0.030889,0.027193,0.187027
img_00716.jpg,0.213993,0.022052,0.002266,0.004303,0.007707,0.031165,0.029342,0.177302
img_00717.jpg,0.443036,0.061322,0.007085,0.016716,0.036073,0.044625,0.033649,0.163167
img_00718.jpg,0.483652,0.046182,0.004309,0.012526,0.028907,0.033520,0.022349,0.158504
img_00723.jpg,0.328094,0.051351,0.002634,0.006922,0.016079,0.018603,0.014154,0.195571
img_00724.jpg,0.472689,0.049062,0.004365,0.011824,0.025694,0.033530,0.024156,0.157162
img_00726.jpg,0.644005,0.022521,0.001482,0.006242,0.010574,0.019474,0.013387,0.108618
img_00729.jpg,0.636609,0.012978,0.000699,0.003682,0.008699,0.013120,0.008259,0.097483
img_00730.jpg,0.255950,0.011134,0.000261,0.001031,0.002132,0.007246,0.006312,0.116938
img_00757.jpg,0.446371,0.065046,0.006977,0.016443,0.041059,0.042356,0.028735,0.187714
img_00760.jpg,0.418630,0.061525,0.007509,0.019241,0.042229,0.042135,0.031714,0.178940
img_00763.jpg,0.277285,0.017202,0.000193,0.001618,0.491362,0.015256,0.002156,0.026101
img_00764.jpg,0.186185,0.033652,0.001096,0.003133,0.012934,0.016896,0.010933,0.221230
img_00765.jpg,0.229208,0.029025,0.005517,0.008799,0.016596,0.059776,0.049116,0.189734
img_00772.jpg,0.268652,0.044937,0.002128,0.005442,0.008179,0.012922,0.014249,0.288640
img_00773.jpg,0.427197,0.044595,0.003394,0.009935,0.017680,0.027630,0.019398,0.198170
img_00777.jpg,0.513044,0.079708,0.013742,0.033475,0.053321,0.064455,0.048369,0.204177
img_00780.jpg,0.340808,0.053885,0.003018,0.007703,0.013828,0.017373,0.017259,0.247380
img_00798.jpg,0.403424,0.070139,0.008282,0.019204,0.032736,0.046240,0.035942,0.205408
img_00808.jpg,0.433583,0.051759,0.004367,0.011922,0.023080,0.028772,0.019965,0.182561
img_00816.jpg,0.510572,0.052743,0.005690,0.020544,0.056558,0.040409,0.025239,0.169410
img_00828.jpg,0.258579,0.035353,0.000471,0.003099,0.669723,0.026811,0.003380,0.040698
img_00833.jpg,0.207834,0.022220,0.002066,0.004162,0.006734,0.028948,0.024636,0.184353
img_00837.jpg,0.447457,0.058037,0.005732,0.017590,0.027075,0.034478,0.024834,0.199973
img_00855.jpg,0.493766,0.090939,0.017556,0.038087,0.066319,0.072335,0.052836,0.215333
img_00857.jpg,0.509503,0.040609,0.002952,0.010881,0.022912,0.025565,0.020292,0.157914
img_00858.jpg,0.502718,0.081788,0.015271,0.032148,0.057919,0.059851,0.048715,0.216643
img_00865.jpg,0.475655,0.060114,0.006501,0.017077,0.033440,0.042411,0.031332,0.160109
img_00876.jpg,0.191661,0.007709,0.000013,0.000226,0.823183,0.005158,0.000261,0.007785
img_00889.jpg,0.291434,0.038046,0.001392,0.003852,0.007044,0.009776,0.010764,0.257736
img_00894.jpg,0.368881,0.017682,0.000429,0.002385,0.006822,0.008390,0.005769,0.102020
img_00902.jpg,0.432201,0.064635,0.007278,0.018588,0.052171,0.041071,0.030245,0.175343
img_00914.jpg,0.147911,0.036462,0.000983,0.003125,0.011683,0.011637,0.008423,0.269047
img_00921.jpg,0.282522,0.023902,0.001230,0.003848,0.007203,0.019275,0.015638,0.146725
img_00927.jpg,0.268984,0.026059,0.001351,0.003346,0.005700,0.019491,0.017716,0.165910
img_00943.jpg,0.339480,0.034566,0.001795,0.007320,0.019668,0.020161,0.014875,0.146393
img_00948.jpg,0.388484,0.019743,0.000719,0.003675,0.011060,0.012160,0.008436,0.104545
img_00950.jpg,0.252489,0.038903,0.002509,0.007373,0.041694,0.030520,0.016278,0.120406
img_00959.jpg,0.635890,0.019205,0.001534,0.006484,0.014738,0.021380,0.015330,0.111335
img_00962.jpg,0.245396,0.052550,0.002326,0.005243,0.007379,0.013440,0.013349,0.339378
img_00964.jpg,0.280444,0.034565,0.001126,0.003422,0.005289,0.008312,0.009194,0.270727
img_00966.jpg,0.409191,0.048400,0.003890,0.012448,0.028891,0.031049,0.024242,0.158698
img_00974.jpg,0.387498,0.073104,0.009359,0.025801,0.040971,0.044846,0.037034,0.243263
img_00979.jpg,0.255670,0.034148,0.000973,0.002684,0.003870,0.008017,0.008106,0.258630
img_00982.jpg,0.281423,0.026372,0.000887,0.003266,0.009702,0.008656,0.008251,0.175655
img_00985.jpg,0.213433,0.029075,0.001965,0.004128,0.007583,0.025099,0.020836,0.199763
img_00999.jpg,0.274008,0.019029,0.000660,0.002194,0.003774,0.012158,0.009937,0.145474
img_01022.jpg,0.453289,0.051206,0.004913,0.013289,0.029977,0.033540,0.024129,0.166812
img_01031.jpg,0.460194,0.053582,0.005426,0.014319,0.035111,0.036058,0.026211,0.187904
img_01035.jpg,0.506647,0.081868,0.014524,0.034676,0.057273,0.065946,0.049461,0.207590
img_01043.jpg,0.412036,0.082377,0.011791,0.026452,0.050372,0.050597,0.038129,0.235479
img_01058.jpg,0.449988,0.011787,0.000300,0.002235,0.008817,0.007357,0.004802,0.093174
img_01059.jpg,0.223456,0.016360,0.001945,0.004602,0.013740,0.032183,0.025331,0.137841
img_01090.jpg,0.358804,0.054845,0.004822,0.014188,0.043201,0.034490,0.021517,0.196087
img_01102.jpg,0.370505,0.045382,0.001924,0.006560,0.009392,0.017856,0.012380,0.206307
img_01103.jpg,0.303127,0.032557,0.000747,0.003656,0.007390,0.010601,0.007012,0.162209
img_01116.jpg,0.450014,0.063566,0.007976,0.023756,0.035790,0.042074,0.032913,0.221004
img_01134.jpg,0.490712,0.048565,0.005017,0.013787,0.031628,0.036392,0.025123,0.161590
img_01142.jpg,0.425428,0.067083,0.007388,0.017113,0.048029,0.046123,0.031066,0.179252
img_01168.jpg,0.241924,0.026458,0.005178,0.009007,0.017736,0.054378,0.048329,0.175169
img_01171.jpg,0.271787,0.017744,0.000195,0.001617,0.514999,0.015187,0.002103,0.027366
img_01177.jpg,0.441155,0.067937,0.008290,0.018537,0.053409,0.049078,0.033585,0.179458
img_01179.jpg,0.506882,0.036230,0.003189,0.010589,0.023934,0.029028,0.020276,0.134467
img_01188.jpg,0.234971,0.029707,0.005858,0.009216,0.017700,0.061530,0.050653,0.189876
img_01198.jpg,0.392494,0.044620,0.002709,0.008083,0.018869,0.023985,0.017110,0.173092
img_01204.jpg,0.213806,0.014035,0.000058,0.000697,0.773202,0.009472,0.000733,0.016712
img_01208.jpg,0.213402,0.028045,0.000951,0.003206,0.015771,0.015296,0.008051,0.123902
img_01211.jpg,0.281177,0.067800,0.003903,0.008822,0.023529,0.024511,0.017374,0.236137
img_01213.jpg,0.479655,0.056489,0.005592,0.016513,0.038505,0.036138,0.023819,0.161711
img_01222.jpg,0.522992,0.072250,0.011467,0.025744,0.050915,0.062109,0.043412,0.170759
img_01224.jpg,0.244785,0.037565,0.001132,0.003016,0.004545,0.008661,0.008237,0.282796
img_01237.jpg,0.474212,0.036649,0.002260,0.006926,0.015841,0.023735,0.015863,0.130184
img_01249.jpg,0.489361,0.078845,0.012043,0.025752,0.061677,0.060992,0.042559,0.183178
img_01253.jpg,0.319660,0.087522,0.008465,0.015885,0.067597,0.047260,0.028199,0.241370
img_01286.jpg,0.479840,0.091073,0.016716,0.039612,0.081413,0.071128,0.053866,0.208595
img_01289.jpg,0.226257,0.015440,0.001653,0.004059,0.013142,0.030343,0.022508,0.135187
img_01325.jpg,0.395111,0.054970,0.003364,0.009919,0.021863,0.022465,0.016265,0.194198
img_01328.jpg,0.507133,0.053927,0.006123,0.018130,0.041271,0.037717,0.025446,0.162566
img_01366.jpg,0.481376,0.043208,0.003560,0.010152,0.023511,0.029256,0.019426,0.153121
img_01371.jpg,0.432203,0.029536,0.001531,0.007325,0.032683,0.013477,0.010580,0.146377
img_01373.jpg,0.460517,0.044401,0.003736,0.010488,0.029340,0.030077,0.021364,0.143180
img_01377.jpg,0.414598,0.053751,0.004283,0.012169,0.027022,0.031034,0.024134,0.168279
img_01379.jpg,0.384581,0.044161,0.002974,0.009346,0.020206,0.026643,0.019368,0.160384
img_01384.jpg,0.333319,0.070675,0.008629,0.021188,0.042291,0.049724,0.039418,0.207151
img_01388.jpg,0.450688,0.060386,0.006546,0.018654,0.036247,0.037978,0.027501,0.198273
img_01392.jpg,0.266427,0.040265,0.001531,0.003885,0.005529,0.010520,0.011999,0.290991
img_01399.jpg,0.226194,0.049694,0.002183,0.005168,0.006696,0.012468,0.012455,0.343324
img_01404.jpg,0.445687,0.060129,0.006033,0.017481,0.028100,0.034461,0.026081,0.213875
img_01405.jpg,0.454366,0.071432,0.011160,0.023891,0.045279,0.054494,0.041791,0.194458
img_01413.jpg,0.421412,0.048755,0.003839,0.011131,0.026795,0.028682,0.019916,0.181055
img_01426.jpg,0.234813,0.050339,0.001353,0.004252,0.013661,0.015866,0.009803,0.205308
img_01431.jpg,0.422599,0.062350,0.007707,0.020144,0.044462,0.041646,0.031654,0.184230
img_01441.jpg,0.325048,0.105088,0.011266,0.020448,0.047381,0.045622,0.035629,0.311538
img_01444.jpg,0.229503,0.023192,0.000968,0.002703,0.004632,0.015717,0.012887,0.158319
img_01490.jpg,0.277804,0.041379,0.001832,0.005032,0.005927,0.011817,0.012178,0.308428
img_01495.jpg,0.377794,0.057525,0.005459,0.014689,0.025747,0.031960,0.024055,0.220411
img_01505.jpg,0.212815,0.012310,0.000045,0.000580,0.785341,0.008506,0.000620,0.014175
img_01511.jpg,0.497502,0.046753,0.005173,0.013687,0.042444,0.036790,0.024041,0.149973
img_01519.jpg,0.255653,0.038934,0.005765,0.009552,0.014992,0.051011,0.043520,0.220628
img_01530.jpg,0.328372,0.020301,0.000529,0.002865,0.008274,0.009440,0.006502,0.115196
img_01537.jpg,0.382473,0.066538,0.005810,0.013366,0.035375,0.038500,0.026650,0.195761
img_01538.jpg,0.502348,0.044716,0.004425,0.014464,0.025548,0.036710,0.025665,0.130570
img_01541.jpg,0.249650,0.032721,0.000381,0.002899,0.651907,0.023938,0.002794,0.038887
img_01543.jpg,0.412952,0.045130,0.002074,0.006661,0.013400,0.016722,0.014164,0.187718
img_01548.jpg,0.501749,0.045604,0.004214,0.015630,0.044636,0.033571,0.021539,0.161895
img_01552.jpg,0.509096,0.037919,0.002647,0.010139,0.021426,0.024625,0.018914,0.151614
img_01561.jpg,0.287151,0.025135,0.000834,0.003823,0.009589,0.010589,0.007914,0.141258
img_01562.jpg,0.225204,0.022734,0.001342,0.003157,0.004891,0.019205,0.017095,0.189597
img_01571.jpg,0.373496,0.032452,0.001470,0.006688,0.014676,0.017160,0.012842,0.142051
img_01593.jpg,0.250715,0.035183,0.002652,0.005425,0.008234,0.028204,0.023332,0.201839
img_01595.jpg,0.415835,0.089957,0.017069,0.034381,0.119713,0.073500,0.047363,0.211759
img_01616.jpg,0.528119,0.037941,0.002921,0.009500,0.019193,0.029282,0.022433,0.114518
img_01618.jpg,0.525267,0.072358,0.012598,0.030499,0.048196,0.062117,0.044970,0.183825
img_01627.jpg,0.557485,0.047614,0.005328,0.016564,0.029289,0.038044,0.026844,0.154307
img_01632.jpg,0.508576,0.042672,0.003802,0.014993,0.043369,0.031968,0.020006,0.153716
img_01633.jpg,0.220914,0.017442,0.002134,0.005119,0.014995,0.033824,0.027034,0.137823
img_01640.jpg,0.410987,0.048621,0.003749,0.011304,0.024223,0.023979,0.018333,0.190349
img_01646.jpg,0.467069,0.069503,0.008434,0.020208,0.031917,0.045896,0.035829,0.185203
img_01647.jpg,0.346310,0.037310,0.002102,0.011103,0.061348,0.024097,0.014702,0.115689
img_01649.jpg,0.539395,0.074235,0.013969,0.033561,0.063326,0.067077,0.048661,0.179690
img_01657.jpg,0.230931,0.047616,0.002045,0.004407,0.006186,0.012740,0.013636,0.318100
img_01669.jpg,0.415001,0.063109,0.007942,0.020352,0.044653,0.042589,0.032619,0.184222
img_01673.jpg,0.498458,0.042548,0.003836,0.010853,0.025697,0.029660,0.022048,0.143104
img_01681.jpg,0.375002,0.051832,0.002238,0.006130,0.017221,0.018266,0.013888,0.219646
img_01684.jpg,0.448379,0.053117,0.004801,0.013886,0.033018,0.030015,0.024183,0.177107
img_01685.jpg,0.352707,0.065671,0.007760,0.018203,0.047001,0.049201,0.035755,0.171866
img_01687.jpg,0.249771,0.021460,0.001014,0.002541,0.004012,0.015861,0.014315,0.167228
img_01688.jpg,0.229730,0.015701,0.001729,0.004076,0.012481,0.030102,0.023554,0.138235
img_01689.jpg,0.319060,0.059236,0.003672,0.008985,0.016443,0.019948,0.019070,0.264060
img_01716.jpg,0.259984,0.034969,0.000484,0.003350,0.646704,0.026065,0.003348,0.042451
img_01717.jpg,0.329234,0.050248,0.002560,0.006745,0.015826,0.018200,0.013831,0.193803
img_01724.jpg,0.371417,0.064763,0.005358,0.012477,0.034524,0.036838,0.025655,0.196978
img_01745.jpg,0.438604,0.051733,0.003760,0.010019,0.025474,0.028973,0.020103,0.169912
img_01771.jpg,0.464162,0.062137,0.006179,0.016579,0.028622,0.032988,0.024405,0.207710
img_01773.jpg,0.214705,0.025195,0.001467,0.003163,0.004603,0.019784,0.017577,0.200545
img_01781.jpg,0.481454,0.053318,0.005717,0.015104,0.031243,0.038947,0.027747,0.160842
img_01782.jpg,0.371719,0.097055,0.018477,0.036054,0.155552,0.082017,0.048956,0.196982
img_01802.jpg,0.441585,0.043021,0.003821,0.010266,0.031688,0.026737,0.020033,0.166603
img_01803.jpg,0.248260,0.032730,0.000886,0.002748,0.004650,0.007498,0.007687,0.266153
img_01824.jpg,0.223647,0.018044,0.002307,0.005410,0.015425,0.035788,0.028078,0.141007
img_01825.jpg,0.405070,0.061757,0.004454,0.013645,0.024762,0.029913,0.021296,0.197954
img_01831.jpg,0.470703,0.050126,0.004806,0.013376,0.030203,0.033889,0.023436,0.170361
img_01834.jpg,0.246280,0.037877,0.001148,0.003011,0.004841,0.008851,0.008522,0.279659
img_01847.jpg,0.267561,0.026187,0.001672,0.004045,0.007143,0.022518,0.018587,0.165109
img_01853.jpg,0.262293,0.026673,0.001342,0.003165,0.005164,0.019180,0.017790,0.170064
img_01856.jpg,0.361369,0.024849,0.001017,0.003521,0.004847,0.013767,0.009256,0.220758
img_01860.jpg,0.280174,0.017472,0.000653,0.002316,0.004548,0.013302,0.010597,0.132880
img_01862.jpg,0.372979,0.064330,0.005309,0.012397,0.034351,0.036845,0.025846,0.195069
img_01874.jpg,0.359516,0.026669,0.001603,0.004339,0.007772,0.020934,0.017463,0.146707
img_01888.jpg,0.235435,0.029809,0.005813,0.009090,0.017261,0.061194,0.049566,0.192305
img_01918.jpg,0.536086,0.038267,0.003609,0.012296,0.023944,0.028347,0.021643,0.123095
img_01930.jpg,0.428960,0.049495,0.004460,0.011593,0.034974,0.033908,0.022658,0.168843
img_01932.jpg,0.471229,0.092809,0.016869,0.036553,0.062125,0.070835,0.053285,0.207199
img_01955.jpg,0.458428,0.067312,0.006327,0.014697,0.027535,0.034142,0.027138,0.217991
img_01963.jpg,0.344738,0.018625,0.000494,0.002366,0.003007,0.007505,0.005786,0.197647
img_01966.jpg,0.532111,0.051490,0.004942,0.015975,0.029180,0.036436,0.025289,0.152135
img_01976.jpg,0.294337,0.032211,0.001370,0.005261,0.020078,0.014236,0.009914,0.191251
img_01983.jpg,0.420199,0.042926,0.003675,0.010194,0.023808,0.028915,0.021443,0.150622
img_01984.jpg,0.469792,0.054395,0.005449,0.015537,0.021510,0.033757,0.028605,0.183592
img_01995.jpg,0.250637,0.022558,0.003832,0.007651,0.030705,0.063114,0.038699,0.113430
img_01996.jpg,0.247051,0.017496,0.002705,0.005747,0.016058,0.040514,0.033079,0.138799
img_02001.jpg,0.313952,0.031766,0.001961,0.005189,0.008251,0.023090,0.019267,0.168201
img_02006.jpg,0.462752,0.050467,0.004151,0.010500,0.022470,0.031996,0.022605,0.176022
img_02066.jpg,0.466434,0.054178,0.005613,0.014192,0.037503,0.038621,0.025299,0.161326
img_02074.jpg,0.477607,0.032981,0.002313,0.008803,0.019420,0.022165,0.015528,0.139730
img_02076.jpg,0.313679,0.046487,0.002210,0.008100,0.020126,0.020200,0.012516,0.203694
img_02077.jpg,0.521579,0.039922,0.003424,0.010628,0.024145,0.028742,0.019855,0.142620
img_02078.jpg,0.453505,0.015419,0.000358,0.001762,0.004549,0.006501,0.004535,0.112639
img_02082.jpg,0.501446,0.051515,0.004995,0.014191,0.030823,0.035502,0.025602,0.146347
img_02083.jpg,0.418335,0.113694,0.026555,0.045066,0.097331,0.091131,0.072020,0.265232
img_02096.jpg,0.664662,0.015367,0.000871,0.004319,0.007936,0.015028,0.010124,0.092219
img_02119.jpg,0.403145,0.058312,0.004879,0.012790,0.027996,0.032408,0.022383,0.203082
img_02124.jpg,0.266736,0.015745,0.002515,0.005143,0.015894,0.038596,0.030942,0.132151
img_02135.jpg,0.441338,0.093048,0.016976,0.034628,0.090355,0.068961,0.052702,0.207541
img_02146.jpg,0.352786,0.035317,0.001623,0.006239,0.016427,0.016071,0.012239,0.161509
img_02159.jpg,0.521747,0.060559,0.007778,0.018451,0.041722,0.045660,0.034911,0.168618
img_02172.jpg,0.377540,0.068957,0.005977,0.013787,0.036327,0.039053,0.026735,0.199912
img_02180.jpg,0.221923,0.017237,0.002141,0.004792,0.011938,0.033249,0.027566,0.147921
img_02188.jpg,0.268157,0.022494,0.001278,0.003287,0.006145,0.019984,0.015999,0.157516
img_02194.jpg,0.552732,0.075252,0.011771,0.028636,0.055665,0.058958,0.040308,0.174881
img_02209.jpg,0.273687,0.014978,0.002387,0.005142,0.016806,0.037548,0.030459,0.131248
img_02216.jpg,0.482390,0.030847,0.002319,0.011450,0.021889,0.027030,0.018981,0.127968
img_02231.jpg,0.479582,0.098386,0.017264,0.039299,0.070024,0.075221,0.054605,0.204292
img_02235.jpg,0.286596,0.023434,0.004695,0.009012,0.033638,0.067382,0.044101,0.121393
img_02252.jpg,0.526745,0.015314,0.000360,0.002267,0.002624,0.006156,0.004830,0.136809
img_02268.jpg,0.457171,0.059407,0.006497,0.015142,0.047824,0.042310,0.027491,0.166066
img_02270.jpg,0.469012,0.052993,0.005222,0.012672,0.037389,0.037457,0.024803,0.151353
img_02281.jpg,0.457176,0.079135,0.014715,0.033090,0.059178,0.069042,0.052301,0.199216
img_02282.jpg,0.324590,0.062735,0.003986,0.009430,0.016675,0.021100,0.018518,0.264704
img_02285.jpg,0.643069,0.011180,0.000538,0.002886,0.006513,0.011335,0.007769,0.091436
img_02291.jpg,0.460926,0.034629,0.001730,0.007098,0.017608,0.018751,0.012771,0.160039
img_02299.jpg,0.525310,0.074245,0.012029,0.026520,0.052694,0.064025,0.044520,0.171966
img_02305.jpg,0.284671,0.022372,0.004202,0.008638,0.034313,0.065513,0.041267,0.114398
img_02307.jpg,0.222882,0.028945,0.002205,0.004384,0.007708,0.026640,0.022970,0.197519
img_02309.jpg,0.423506,0.049808,0.004088,0.012764,0.026725,0.025760,0.019384,0.189035
img_02318.jpg,0.331463,0.081408,0.005702,0.012074,0.040780,0.034106,0.018833,0.277415
img_02347.jpg,0.403400,0.041273,0.002402,0.007512,0.017044,0.022031,0.015809,0.165732
img_02356.jpg,0.310039,0.067219,0.009530,0.018575,0.048778,0.056396,0.043999,0.223503
img_02367.jpg,0.552483,0.081815,0.016425,0.037921,0.065712,0.073694,0.054691,0.188548
img_02372.jpg,0.298265,0.076278,0.009982,0.020653,0.059448,0.058641,0.040608,0.204276
img_02379.jpg,0.453395,0.031112,0.001923,0.007075,0.009709,0.019848,0.014867,0.210363
img_02384.jpg,0.261385,0.025212,0.001398,0.003827,0.007089,0.020173,0.016312,0.158733
img_02398.jpg,0.473937,0.038562,0.002878,0.009188,0.017833,0.025389,0.017800,0.139944
img_02400.jpg,0.403892,0.079038,0.008731,0.019763,0.040892,0.047980,0.032994,0.240700
img_02406.jpg,0.515950,0.038623,0.003110,0.009429,0.021463,0.027090,0.018963,0.138300
img_02412.jpg,0.493109,0.040721,0.002271,0.005833,0.007929,0.018831,0.016083,0.193704
img_02416.jpg,0.303126,0.027262,0.000956,0.003638,0.010686,0.009448,0.008901,0.164417
img_02422.jpg,0.233486,0.028205,0.001637,0.003594,0.005433,0.021868,0.018776,0.183785
img_02479.jpg,0.192231,0.042800,0.003407,0.009383,0.084827,0.022869,0.020094,0.243173
img_02486.jpg,0.458840,0.045440,0.003459,0.009351,0.023741,0.026825,0.018369,0.164196
img_02487.jpg,0.346012,0.034124,0.001861,0.007807,0.020697,0.021044,0.015594,0.141629
img_02507.jpg,0.342977,0.058737,0.006221,0.016376,0.038852,0.043540,0.031955,0.172328
img_02522.jpg,0.483955,0.069696,0.009838,0.024818,0.044097,0.051926,0.039889,0.176234
img_02540.jpg,0.301708,0.073307,0.010762,0.021076,0.049506,0.063181,0.047315,0.193840
img_02546.jpg,0.375814,0.077367,0.008834,0.016839,0.044363,0.048652,0.035470,0.203545
img_02556.jpg,0.281659,0.026127,0.001206,0.003219,0.005493,0.018464,0.015466,0.158804
img_02560.jpg,0.387566,0.090098,0.014407,0.031150,0.062318,0.058676,0.046901,0.230836
img_02563.jpg,0.385167,0.039360,0.002849,0.009581,0.029882,0.026062,0.019053,0.122318
img_02565.jpg,0.273660,0.024426,0.001233,0.003543,0.006792,0.018334,0.015816,0.151822
img_02573.jpg,0.283252,0.025938,0.000872,0.003230,0.010080,0.008684,0.008321,0.171368
img_02574.jpg,0.483252,0.089239,0.016396,0.038957,0.076464,0.071056,0.053615,0.206874
img_02602.jpg,0.481020,0.079132,0.013436,0.031382,0.053705,0.065875,0.047744,0.191612
img_02607.jpg,0.302403,0.074436,0.005824,0.012718,0.034025,0.030382,0.024062,0.253950
img_02622.jpg,0.293293,0.026028,0.001286,0.003719,0.006099,0.018900,0.016238,0.156161
img_02625.jpg,0.261936,0.016387,0.002622,0.005347,0.015769,0.040055,0.031780,0.137692
img_02636.jpg,0.283009,0.041271,0.001941,0.007277,0.038252,0.017326,0.010788,0.182339
img_02638.jpg,0.446075,0.057209,0.005647,0.016520,0.028788,0.034601,0.024719,0.186161
img_02641.jpg,0.413173,0.070382,0.007847,0.017699,0.049348,0.047410,0.032932,0.183734
img_02646.jpg,0.374968,0.124542,0.024009,0.036937,0.071985,0.079516,0.057944,0.297975
img_02648.jpg,0.296728,0.032992,0.001098,0.003221,0.005845,0.008355,0.010256,0.232267
img_02651.jpg,0.410440,0.044938,0.002174,0.007172,0.014435,0.018099,0.014881,0.175487
img_02656.jpg,0.399636,0.073290,0.009847,0.026531,0.042688,0.047103,0.039177,0.233965
img_02666.jpg,0.502001,0.043938,0.004191,0.015432,0.044442,0.033127,0.022029,0.161028
img_02679.jpg,0.429307,0.046031,0.004273,0.012563,0.024371,0.033822,0.025289,0.162288
img_02687.jpg,0.318126,0.082803,0.005294,0.011329,0.036682,0.032012,0.018076,0.277638
img_02699.jpg,0.582472,0.032710,0.003295,0.010806,0.023719,0.029592,0.022093,0.115735
img_02702.jpg,0.514079,0.034001,0.002524,0.010787,0.019441,0.024021,0.017556,0.141789
img_02703.jpg,0.321280,0.052324,0.006635,0.014609,0.039041,0.047359,0.035975,0.206706
img_02709.jpg,0.448685,0.065584,0.007102,0.016722,0.041302,0.043665,0.029294,0.185428
img_02726.jpg,0.411726,0.044224,0.003615,0.010106,0.024438,0.028199,0.020957,0.150566
img_02733.jpg,0.467214,0.049763,0.004630,0.012620,0.027177,0.033037,0.023516,0.165930
img_02734.jpg,0.454323,0.072245,0.010798,0.028259,0.047242,0.054056,0.038955,0.203803
img_02739.jpg,0.420698,0.051992,0.004411,0.013207,0.028688,0.026929,0.020301,0.192383
img_02749.jpg,0.458462,0.051390,0.004804,0.013423,0.029931,0.033879,0.023559,0.173947
img_02759.jpg,0.325181,0.043127,0.002303,0.006166,0.013285,0.015604,0.015392,0.207714
img_02764.jpg,0.577825,0.073248,0.012802,0.031882,0.059011,0.063488,0.044300,0.169350
img_02766.jpg,0.505449,0.039667,0.002834,0.010342,0.022013,0.024763,0.019693,0.158087
img_02769.jpg,0.332871,0.042880,0.002323,0.006287,0.013490,0.015455,0.015401,0.206177
img_02771.jpg,0.535066,0.047786,0.005101,0.015332,0.025073,0.035547,0.028318,0.143460
img_02789.jpg,0.503460,0.051589,0.005085,0.014186,0.031876,0.035286,0.025613,0.150103
img_02799.jpg,0.387543,0.043495,0.002855,0.009384,0.023055,0.022204,0.015366,0.164972
img_02808.jpg,0.449871,0.035545,0.002558,0.009315,0.019996,0.022816,0.016205,0.150697
img_02811.jpg,0.486450,0.047619,0.004609,0.013017,0.030688,0.034246,0.023226,0.159223
img_02830.jpg,0.207415,0.021835,0.001999,0.004062,0.006966,0.028878,0.026225,0.176401
img_02834.jpg,0.231147,0.024365,0.001331,0.003313,0.006221,0.019617,0.015659,0.178631
img_02837.jpg,0.458982,0.062048,0.007393,0.017500,0.038245,0.042974,0.035127,0.170572
img_02838.jpg,0.470592,0.042000,0.003205,0.009364,0.021025,0.026423,0.018416,0.157810
img_02842.jpg,0.271260,0.015712,0.002555,0.005275,0.015839,0.038117,0.031362,0.136015
img_02857.jpg,0.395680,0.044256,0.002721,0.008746,0.024400,0.021595,0.015615,0.156587
img_02865.jpg,0.217332,0.013437,0.000056,0.000664,0.777202,0.009221,0.000710,0.016065
img_02871.jpg,0.212639,0.022097,0.002276,0.004335,0.007257,0.030983,0.028714,0.178532
img_02876.jpg,0.215827,0.016555,0.000211,0.001279,0.009720,0.004997,0.003043,0.134911
img_02889.jpg,0.440044,0.067271,0.007249,0.017228,0.041719,0.044100,0.029401,0.190482
img_02890.jpg,0.484159,0.043654,0.003614,0.010246,0.023276,0.029297,0.019579,0.156017
img_02899.jpg,0.473735,0.048619,0.004705,0.013737,0.028811,0.034045,0.024141,0.167320
img_02904.jpg,0.526450,0.037966,0.003468,0.009880,0.029626,0.028216,0.019372,0.134962
img_02911.jpg,0.385573,0.087789,0.012163,0.025581,0.046522,0.057119,0.041509,0.245384
img_02916.jpg,0.464835,0.051997,0.005192,0.013780,0.034688,0.035361,0.025371,0.183041
img_02920.jpg,0.561685,0.055072,0.007425,0.020232,0.034081,0.047269,0.034561,0.156350
img_02943.jpg,0.473107,0.035762,0.002586,0.008954,0.019896,0.024282,0.016721,0.150089
img_02949.jpg,0.459445,0.053532,0.004861,0.013613,0.027665,0.033878,0.023771,0.189379
img_02954.jpg,0.437657,0.043746,0.002424,0.009534,0.019288,0.023081,0.015944,0.148695
img_02956.jpg,0.316975,0.018116,0.000400,0.002199,0.008562,0.007065,0.004953,0.141449
img_02964.jpg,0.238739,0.045739,0.001930,0.004525,0.007224,0.012077,0.012507,0.311778
img_02974.jpg,0.454920,0.028000,0.001538,0.007614,0.017449,0.020552,0.015448,0.108887
img_02977.jpg,0.350380,0.067594,0.004542,0.012369,0.027439,0.026561,0.019226,0.217604
img_02993.jpg,0.359011,0.046423,0.002581,0.006995,0.012875,0.016134,0.016236,0.219928
img_03014.jpg,0.256788,0.038321,0.000532,0.003604,0.686242,0.029159,0.003792,0.041369
img_03043.jpg,0.323550,0.057019,0.003494,0.008661,0.016768,0.019595,0.018609,0.250369
img_03055.jpg,0.457961,0.059888,0.006604,0.019384,0.030992,0.039470,0.028430,0.206686
img_03064.jpg,0.270350,0.017583,0.000714,0.002554,0.004929,0.013992,0.011536,0.134885
img_03069.jpg,0.257760,0.030892,0.001851,0.004071,0.007080,0.024194,0.018677,0.174189
img_03074.jpg,0.452219,0.068322,0.007914,0.018839,0.028885,0.044324,0.034664,0.191259
img_03078.jpg,0.476096,0.053455,0.005167,0.015979,0.022365,0.033488,0.025372,0.187930
img_03080.jpg,0.331155,0.030571,0.001013,0.003941,0.004605,0.010978,0.008745,0.235794
img_03082.jpg,0.422952,0.035895,0.001366,0.004967,0.010477,0.015457,0.010794,0.150793
img_03087.jpg,0.409891,0.068616,0.007432,0.019177,0.047503,0.041373,0.031265,0.198862
img_03116.jpg,0.266449,0.025657,0.000367,0.002842,0.502773,0.020294,0.003206,0.039313
img_03128.jpg,0.283614,0.019548,0.000685,0.002209,0.003814,0.012204,0.010506,0.146108
img_03135.jpg,0.266875,0.025451,0.001129,0.003015,0.005217,0.017943,0.015090,0.157171
img_03140.jpg,0.478396,0.076340,0.012199,0.028907,0.049447,0.062276,0.044695,0.188485
img_03166.jpg,0.438786,0.043840,0.003897,0.010253,0.031737,0.026963,0.020278,0.169104
img_03169.jpg,0.225299,0.053494,0.002576,0.005400,0.008990,0.014954,0.014952,0.334419
img_03181.jpg,0.457827,0.058357,0.006243,0.018139,0.034434,0.036176,0.025976,0.198532
img_03195.jpg,0.300032,0.041837,0.002356,0.005681,0.009290,0.025153,0.019678,0.185408
img_03199.jpg,0.267426,0.015629,0.000480,0.001555,0.003105,0.010800,0.008907,0.132013
img_03210.jpg,0.221603,0.052306,0.002230,0.004989,0.007512,0.013198,0.012423,0.340525
img_03220.jpg,0.512213,0.065897,0.008937,0.024040,0.044495,0.052128,0.036614,0.159655
img_03222.jpg,0.494923,0.075479,0.011501,0.024801,0.051576,0.058088,0.043037,0.182122
img_03223.jpg,0.419781,0.070227,0.008289,0.017916,0.038460,0.044149,0.036029,0.190757
img_03228.jpg,0.534701,0.042207,0.004830,0.013861,0.033189,0.034449,0.024881,0.135042
img_03229.jpg,0.258017,0.024978,0.001377,0.003657,0.006017,0.020338,0.017139,0.160223
img_03231.jpg,0.450900,0.057869,0.005601,0.013312,0.023752,0.037409,0.027020,0.201767
img_03238.jpg,0.277664,0.032200,0.002425,0.005452,0.010001,0.029037,0.024038,0.172099
img_03239.jpg,0.431743,0.065263,0.007374,0.018735,0.052438,0.041236,0.030511,0.175849
img_03252.jpg,0.481100,0.033549,0.001858,0.007543,0.019602,0.021503,0.014741,0.140168
img_03254.jpg,0.261825,0.016038,0.002450,0.005003,0.015134,0.037434,0.030070,0.135061
img_03260.jpg,0.444117,0.040398,0.002979,0.009178,0.020226,0.027067,0.019574,0.148052
img_03261.jpg,0.477602,0.046375,0.003681,0.009797,0.025675,0.029064,0.019074,0.156479
img_03270.jpg,0.339042,0.059887,0.008317,0.017781,0.050194,0.052038,0.040540,0.191787
img_03283.jpg,0.467727,0.059023,0.007177,0.019131,0.028596,0.041415,0.033332,0.177956
img_03290.jpg,0.315935,0.021344,0.000970,0.002702,0.004691,0.015658,0.014426,0.147107
img_03297.jpg,0.457443,0.052723,0.005644,0.014754,0.034733,0.035999,0.027070,0.188697
img_03310.jpg,0.437261,0.072263,0.010919,0.025538,0.049683,0.054745,0.040805,0.184645
img_03312.jpg,0.513865,0.067995,0.009191,0.021673,0.042630,0.049874,0.037252,0.174041
img_03324.jpg,0.235462,0.037290,0.001084,0.002802,0.004286,0.008762,0.008342,0.276574
img_03333.jpg,0.239313,0.018574,0.002675,0.006013,0.016637,0.037954,0.030169,0.146989
img_03342.jpg,0.240067,0.026121,0.001304,0.003366,0.005543,0.018116,0.015309,0.178459
img_03346.jpg,0.525645,0.054979,0.006942,0.020856,0.044015,0.041815,0.029828,0.156233
img_03355.jpg,0.238373,0.023249,0.001473,0.003362,0.005466,0.020254,0.018001,0.185006
img_03361.jpg,0.225386,0.060266,0.001754,0.005277,0.012511,0.017713,0.009589,0.256804
img_03370.jpg,0.318281,0.026581,0.001191,0.003487,0.006606,0.017778,0.014323,0.151349
img_03399.jpg,0.517148,0.079221,0.013995,0.033832,0.054649,0.067621,0.049965,0.197217
img_03410.jpg,0.480538,0.027422,0.001637,0.007720,0.041821,0.014821,0.010185,0.136753
img_03422.jpg,0.453525,0.038023,0.002824,0.009803,0.021596,0.024008,0.017101,0.153897
img_03426.jpg,0.384422,0.033174,0.001295,0.004549,0.007746,0.012292,0.009325,0.197323
img_03439.jpg,0.455935,0.053554,0.005243,0.014238,0.032633,0.034989,0.024586,0.178102
img_03440.jpg,0.300428,0.035444,0.001416,0.004321,0.004422,0.010382,0.011514,0.289382
img_03444.jpg,0.489026,0.059897,0.005721,0.017525,0.032475,0.039003,0.028014,0.162069
img_03445.jpg,0.383559,0.023580,0.000887,0.004714,0.011568,0.013260,0.009637,0.123021
img_03446.jpg,0.267638,0.039606,0.001493,0.003823,0.005300,0.010191,0.011868,0.290846
img_03452.jpg,0.250351,0.049367,0.001567,0.005637,0.014616,0.017866,0.011236,0.194541
img_03454.jpg,0.685644,0.011209,0.000603,0.003402,0.008156,0.012085,0.007527,0.089981
img_03456.jpg,0.253389,0.036538,0.000478,0.003337,0.682581,0.027607,0.003486,0.040948
img_03457.jpg,0.381404,0.069324,0.006138,0.013668,0.033642,0.040138,0.028569,0.206496
img_03471.jpg,0.554061,0.038708,0.003802,0.013119,0.024485,0.029583,0.022272,0.124787
img_03475.jpg,0.239122,0.032077,0.000658,0.003228,0.017184,0.010809,0.006744,0.136647
img_03488.jpg,0.471596,0.055445,0.006521,0.017635,0.028894,0.040883,0.032589,0.166520
img_03490.jpg,0.295081,0.026722,0.000913,0.003473,0.010159,0.009121,0.008665,0.165692
img_03502.jpg,0.270481,0.024236,0.001070,0.002923,0.005513,0.017183,0.015030,0.153204
img_03504.jpg,0.452708,0.064544,0.007566,0.020921,0.038296,0.041838,0.030685,0.202763
img_03520.jpg,0.468216,0.054582,0.005725,0.014522,0.037967,0.039177,0.025895,0.161685
img_03527.jpg,0.252566,0.050173,0.002418,0.005289,0.008106,0.014497,0.015551,0.304548
img_03547.jpg,0.552699,0.049832,0.005620,0.016127,0.030141,0.036056,0.027064,0.148381
img_03548.jpg,0.247309,0.023416,0.001024,0.002732,0.004844,0.016872,0.013743,0.163803
img_03554.jpg,0.385662,0.044311,0.002931,0.009474,0.023376,0.022077,0.015527,0.167067
img_03563.jpg,0.449730,0.034797,0.002179,0.006613,0.012870,0.023315,0.017977,0.144964
img_03581.jpg,0.461603,0.052621,0.005142,0.013947,0.032045,0.034902,0.024350,0.175916
img_03584.jpg,0.186366,0.029579,0.000694,0.002694,0.014691,0.013307,0.008196,0.179602
img_03587.jpg,0.300155,0.026188,0.001442,0.003779,0.005761,0.019285,0.016728,0.173372
img_03588.jpg,0.241099,0.018518,0.002820,0.005961,0.016648,0.040846,0.033874,0.138555
img_03602.jpg,0.268288,0.016088,0.002682,0.005467,0.016168,0.039501,0.032712,0.137037
img_03627.jpg,0.468152,0.033700,0.001743,0.007207,0.019266,0.020492,0.013679,0.146731
img_03628.jpg,0.395732,0.021839,0.001008,0.003943,0.006405,0.015286,0.010759,0.180473
img_03652.jpg,0.563679,0.074918,0.012250,0.029808,0.055443,0.059905,0.041089,0.176871
img_03670.jpg,0.683945,0.012089,0.000633,0.003261,0.008143,0.012398,0.007739,0.086749
img_03674.jpg,0.431037,0.068071,0.008664,0.018949,0.054613,0.047459,0.034778,0.178046
img_03677.jpg,0.440325,0.066730,0.008810,0.025169,0.038302,0.045660,0.036267,0.228476
img_03711.jpg,0.442031,0.057988,0.005760,0.014863,0.036134,0.039885,0.027262,0.167372
img_03715.jpg,0.445217,0.078104,0.012143,0.029035,0.048470,0.056129,0.042536,0.210830
img_03718.jpg,0.466673,0.049498,0.004685,0.012958,0.028377,0.034068,0.023889,0.169071
img_03726.jpg,0.276867,0.022352,0.004034,0.008178,0.032367,0.063829,0.040488,0.115367
img_03739.jpg,0.289507,0.057722,0.003384,0.007214,0.013117,0.017982,0.016878,0.282092
img_03749.jpg,0.233945,0.022153,0.003141,0.006563,0.016116,0.042213,0.035814,0.160071
img_03750.jpg,0.268739,0.025027,0.001351,0.003705,0.005769,0.018825,0.016791,0.167661
img_03760.jpg,0.219673,0.020219,0.002710,0.005426,0.012651,0.038537,0.031535,0.160573
img_03764.jpg,0.461154,0.049650,0.004352,0.012039,0.021629,0.028225,0.022010,0.170726
img_03776.jpg,0.384769,0.039561,0.002149,0.007530,0.010120,0.016080,0.014605,0.214448
img_03801.jpg,0.437452,0.046630,0.002432,0.006858,0.010954,0.020705,0.015698,0.193056
img_03805.jpg,0.380437,0.072527,0.009035,0.025817,0.039730,0.044912,0.036284,0.243776
img_03809.jpg,0.385017,0.026281,0.000914,0.004254,0.009497,0.013367,0.010113,0.131676
img_03825.jpg,0.541550,0.051212,0.006488,0.018411,0.038777,0.042293,0.030008,0.144938
img_03831.jpg,0.282594,0.039900,0.001685,0.004995,0.005216,0.011634,0.012167,0.308228
img_03837.jpg,0.421140,0.060770,0.006386,0.018182,0.036737,0.040735,0.027478,0.193000
img_03847.jpg,0.247216,0.025284,0.004693,0.008070,0.015823,0.053168,0.044137,0.173243
img_03853.jpg,0.683028,0.018521,0.001473,0.005877,0.013332,0.020246,0.014556,0.104859
img_03866.jpg,0.444386,0.091942,0.018089,0.039907,0.066830,0.067818,0.048001,0.249418
img_03867.jpg,0.435115,0.089694,0.016333,0.031433,0.068302,0.066951,0.051235,0.225999
img_03869.jpg,0.561212,0.023387,0.001701,0.006340,0.012195,0.021340,0.015086,0.138550
img_03871.jpg,0.319333,0.101573,0.010922,0.019927,0.053827,0.052431,0.033283,0.289351
img_03886.jpg,0.569000,0.021818,0.000945,0.004435,0.006898,0.012541,0.009519,0.105362
img_03891.jpg,0.440837,0.052843,0.004645,0.013953,0.019869,0.033097,0.024733,0.176626
img_03892.jpg,0.247738,0.035326,0.003162,0.006290,0.009517,0.032899,0.028847,0.197295
img_03896.jpg,0.625198,0.018152,0.001367,0.005737,0.011919,0.019285,0.014097,0.115677
img_03923.jpg,0.490470,0.051198,0.005566,0.015356,0.036842,0.036225,0.026986,0.156815
img_03924.jpg,0.280117,0.018174,0.000219,0.001745,0.486758,0.016408,0.002330,0.027229
img_03928.jpg,0.271133,0.023080,0.001429,0.003311,0.006246,0.021981,0.018550,0.153578
img_03929.jpg,0.279660,0.023264,0.004529,0.008790,0.033387,0.066522,0.043143,0.118946
img_03931.jpg,0.430656,0.044762,0.003923,0.010560,0.030956,0.026878,0.021037,0.166512
img_03935.jpg,0.515827,0.047376,0.004344,0.012995,0.029683,0.033774,0.023174,0.129968
img_03941.jpg,0.495399,0.047286,0.004869,0.013715,0.030889,0.036137,0.025067,0.158201
img_03942.jpg,0.417794,0.052829,0.005155,0.014552,0.029916,0.032254,0.023401,0.184725
img_03943.jpg,0.448799,0.022997,0.000807,0.004058,0.005897,0.011492,0.008082,0.161768
img_03945.jpg,0.264781,0.016182,0.002529,0.005150,0.015791,0.038339,0.030746,0.135112
img_03946.jpg,0.277715,0.020746,0.003820,0.007186,0.029071,0.062395,0.037270,0.112932
img_03952.jpg,0.453184,0.050843,0.004066,0.011115,0.027705,0.030802,0.020459,0.168943
img_03967.jpg,0.480450,0.079794,0.013666,0.031835,0.053368,0.066067,0.048275,0.192018
img_03974.jpg,0.353733,0.018624,0.000444,0.002501,0.007025,0.007848,0.005391,0.116795
img_03992.jpg,0.401313,0.050069,0.004053,0.012584,0.032004,0.030731,0.019906,0.187417
img_03995.jpg,0.195359,0.031659,0.001050,0.003383,0.017278,0.017270,0.011115,0.187262
img_03996.jpg,0.505005,0.044873,0.004243,0.012197,0.029410,0.029896,0.020353,0.152209
img_04001.jpg,0.511851,0.050106,0.005528,0.017999,0.031170,0.040040,0.029524,0.150041
img_04002.jpg,0.243915,0.029237,0.005914,0.009794,0.018770,0.057869,0.050850,0.184588
img_04003.jpg,0.478862,0.048942,0.004709,0.013100,0.031118,0.034596,0.023359,0.162651
img_04004.jpg,0.378326,0.069808,0.006050,0.013584,0.033265,0.039853,0.028186,0.205653
img_04013.jpg,0.286804,0.025496,0.005031,0.009447,0.035425,0.069302,0.046261,0.126332
img_04015.jpg,0.539185,0.072601,0.012551,0.029288,0.051813,0.063406,0.046260,0.168849
img_04024.jpg,0.288911,0.019264,0.000708,0.002308,0.004252,0.012821,0.010504,0.140570
img_04036.jpg,0.224970,0.021190,0.001169,0.002844,0.004561,0.017714,0.015182,0.186837
img_04037.jpg,0.286505,0.017971,0.000727,0.002786,0.005345,0.014278,0.011549,0.130535
img_04044.jpg,0.444685,0.064761,0.007535,0.017364,0.057005,0.047168,0.030130,0.172425
img_04061.jpg,0.290200,0.043202,0.003749,0.007772,0.011603,0.034428,0.025808,0.204068
img_04069.jpg,0.475939,0.043637,0.003575,0.010198,0.023301,0.028962,0.019381,0.157823
img_04073.jpg,0.264435,0.031271,0.005277,0.010471,0.038064,0.067754,0.045194,0.136020
img_04076.jpg,0.537412,0.072171,0.011475,0.027266,0.042665,0.062852,0.047281,0.179443
img_04101.jpg,0.516590,0.081447,0.014279,0.033839,0.053237,0.067536,0.050317,0.200223
img_04115.jpg,0.279077,0.015732,0.000488,0.001554,0.003352,0.011380,0.009478,0.127757
img_04118.jpg,0.456033,0.058078,0.005788,0.017411,0.032369,0.034383,0.025440,0.191557
img_04126.jpg,0.396095,0.045325,0.002804,0.008374,0.019127,0.024567,0.017212,0.177432
img_04127.jpg,0.254013,0.033632,0.002517,0.005096,0.008859,0.029822,0.024947,0.183716
img_04128.jpg,0.359475,0.047705,0.001897,0.007969,0.019637,0.017380,0.010365,0.204110
img_04129.jpg,0.509711,0.036575,0.002955,0.011013,0.017969,0.025677,0.018996,0.140021
img_04130.jpg,0.550918,0.061255,0.008479,0.021480,0.054013,0.044352,0.030234,0.167935
img_04136.jpg,0.435617,0.050559,0.003636,0.009712,0.024380,0.028207,0.019671,0.168851
img_04138.jpg,0.372734,0.088811,0.011172,0.023283,0.041365,0.052258,0.041428,0.239872
img_04145.jpg,0.296461,0.031575,0.001803,0.004699,0.007412,0.021868,0.018123,0.172151
img_04156.jpg,0.462554,0.047490,0.004664,0.012476,0.031769,0.032325,0.023862,0.174551
img_04181.jpg,0.531332,0.058522,0.007441,0.018959,0.036299,0.045023,0.033452,0.162995
img_04183.jpg,0.452785,0.062308,0.008389,0.019394,0.041090,0.038780,0.032302,0.198179
img_04204.jpg,0.303591,0.009003,0.000065,0.000418,0.001772,0.001696,0.000965,0.190269
img_04221.jpg,0.499627,0.079280,0.014562,0.033384,0.061236,0.064479,0.050521,0.187036
img_04233.jpg,0.272750,0.024513,0.004106,0.008680,0.037082,0.067160,0.040032,0.113773
img_04237.jpg,0.288405,0.059133,0.002176,0.006590,0.015961,0.020360,0.012663,0.215609
img_04240.jpg,0.277479,0.023271,0.001111,0.003328,0.006146,0.018022,0.014996,0.149661
img_04247.jpg,0.508633,0.052009,0.005131,0.012742,0.022849,0.034439,0.026914,0.159518
img_04250.jpg,0.452309,0.085952,0.013420,0.027331,0.053871,0.059276,0.051032,0.213040
img_04257.jpg,0.377811,0.045995,0.002806,0.010465,0.026019,0.026121,0.019366,0.157467
img_04261.jpg,0.419153,0.036354,0.001380,0.004937,0.010918,0.015742,0.011138,0.146178
img_04263.jpg,0.643189,0.021344,0.001762,0.006673,0.014743,0.022479,0.016031,0.116053
img_04266.jpg,0.265369,0.016405,0.002596,0.005306,0.015951,0.039620,0.031355,0.135332
img_04268.jpg,0.308144,0.024618,0.000996,0.003242,0.005682,0.016481,0.013554,0.138157
img_04271.jpg,0.365631,0.086128,0.013434,0.025185,0.083698,0.068398,0.043869,0.190052
img_04272.jpg,0.510478,0.016007,0.000492,0.002932,0.003043,0.008126,0.005881,0.178244
img_04282.jpg,0.214564,0.021603,0.002235,0.004378,0.007667,0.030735,0.028384,0.175958
img_04285.jpg,0.276679,0.026219,0.001230,0.003035,0.005710,0.018405,0.015348,0.159889
img_04306.jpg,0.643351,0.015282,0.000795,0.004314,0.008397,0.014614,0.009974,0.085428
img_04310.jpg,0.366949,0.053196,0.003397,0.008433,0.014700,0.024414,0.019848,0.213132
img_04321.jpg,0.258356,0.022102,0.001117,0.002680,0.003974,0.016402,0.015627,0.171368
img_04323.jpg,0.516328,0.044282,0.003921,0.012288,0.026550,0.031563,0.021714,0.126183
img_04324.jpg,0.341270,0.035080,0.001348,0.007404,0.048289,0.012014,0.007938,0.188928
img_04341.jpg,0.541100,0.041225,0.003700,0.011287,0.022857,0.033094,0.024666,0.124225
img_04369.jpg,0.220693,0.018069,0.002325,0.004870,0.011547,0.034407,0.028628,0.152079
img_04370.jpg,0.407287,0.071859,0.008757,0.019541,0.031791,0.047147,0.036944,0.210182
img_04375.jpg,0.317016,0.035428,0.003261,0.008866,0.018735,0.029561,0.023043,0.140827
img_04382.jpg,0.284335,0.043153,0.001974,0.005053,0.006446,0.012645,0.012618,0.303304
img_04386.jpg,0.318985,0.034164,0.002115,0.005474,0.008178,0.024032,0.021175,0.168864
img_04390.jpg,0.149657,0.038125,0.001058,0.003348,0.011031,0.012574,0.008864,0.268451
img_04405.jpg,0.247431,0.020202,0.001108,0.002772,0.005114,0.018197,0.014909,0.163617
img_04408.jpg,0.466986,0.031415,0.001968,0.006424,0.012531,0.022198,0.016916,0.140325
img_04410.jpg,0.455744,0.074123,0.011856,0.027209,0.050133,0.056476,0.043169,0.197427
img_04415.jpg,0.479437,0.089190,0.016075,0.038236,0.074539,0.070060,0.052946,0.206874
img_04419.jpg,0.448667,0.083241,0.013792,0.028526,0.057942,0.062530,0.046544,0.218231
img_04422.jpg,0.227318,0.038684,0.000834,0.002557,0.006546,0.010528,0.005747,0.229854
img_04423.jpg,0.386719,0.038583,0.002062,0.007309,0.010093,0.015887,0.014205,0.210449
img_04425.jpg,0.446021,0.053393,0.004811,0.013764,0.032060,0.031672,0.024138,0.175410
img_04427.jpg,0.266438,0.022060,0.001211,0.003203,0.006117,0.019533,0.015676,0.153374
img_04432.jpg,0.388690,0.043744,0.002837,0.009342,0.022821,0.021813,0.015271,0.167673
img_04453.jpg,0.365076,0.110345,0.023684,0.043295,0.147233,0.082076,0.068332,0.247056
img_04461.jpg,0.468005,0.061731,0.007066,0.017148,0.048055,0.042488,0.028286,0.178412
img_04476.jpg,0.273073,0.026386,0.001512,0.004102,0.006645,0.020614,0.017951,0.166840
img_04478.jpg,0.525739,0.068637,0.010909,0.026587,0.042533,0.058616,0.043078,0.179759
img_04479.jpg,0.209334,0.013425,0.001442,0.003695,0.011466,0.030214,0.021771,0.124314
img_04482.jpg,0.447724,0.056910,0.005781,0.015684,0.030731,0.036025,0.027847,0.181529
img_04496.jpg,0.383014,0.022652,0.000969,0.003910,0.005609,0.013358,0.009436,0.210374
img_04503.jpg,0.373558,0.107273,0.023317,0.044262,0.152278,0.082270,0.067898,0.238715
img_04507.jpg,0.186571,0.031405,0.001222,0.004005,0.017617,0.016893,0.011209,0.197307
img_04511.jpg,0.459488,0.075588,0.012797,0.034142,0.076436,0.063539,0.040219,0.199817
img_04520.jpg,0.536482,0.038854,0.003387,0.011040,0.023420,0.031593,0.022992,0.116529
img_04532.jpg,0.235941,0.029325,0.005708,0.008956,0.017146,0.060517,0.049049,0.191579
img_04546.jpg,0.365892,0.045421,0.002596,0.007025,0.013901,0.016375,0.016324,0.210661
img_04554.jpg,0.477052,0.061638,0.007381,0.019866,0.037976,0.039345,0.029160,0.188976
img_04559.jpg,0.320058,0.053723,0.003232,0.007687,0.015652,0.020594,0.018199,0.211846
img_04562.jpg,0.462056,0.066312,0.006427,0.015015,0.029655,0.035224,0.027276,0.206607
img_04563.jpg,0.238901,0.019256,0.002813,0.006008,0.016664,0.038419,0.030466,0.151511
img_04585.jpg,0.329779,0.032538,0.001495,0.005762,0.014356,0.016301,0.012141,0.134929
img_04586.jpg,0.447524,0.066958,0.009295,0.023696,0.053791,0.052009,0.036182,0.190115
img_04603.jpg,0.478968,0.042550,0.002292,0.006645,0.015743,0.017886,0.015597,0.161146
img_04624.jpg,0.232063,0.028985,0.005514,0.008851,0.016854,0.059643,0.048402,0.188807
img_04629.jpg,0.319242,0.023340,0.000547,0.002322,0.005283,0.008170,0.006504,0.168920
img_04640.jpg,0.309277,0.031742,0.001929,0.004998,0.008103,0.022974,0.019306,0.167443
img_04642.jpg,0.441932,0.032064,0.002113,0.009610,0.023283,0.024090,0.018552,0.113801
img_04647.jpg,0.384959,0.044006,0.002858,0.009284,0.022854,0.022082,0.015360,0.165956
img_04657.jpg,0.437422,0.073648,0.007932,0.019245,0.040606,0.047760,0.034060,0.204178
img_04661.jpg,0.459254,0.066149,0.009747,0.023764,0.046188,0.050830,0.039005,0.179267
img_04671.jpg,0.281782,0.019269,0.000671,0.002166,0.004071,0.012218,0.010067,0.139991
img_04675.jpg,0.259244,0.033077,0.001030,0.003165,0.004753,0.008253,0.009436,0.266410
img_04696.jpg,0.386144,0.043603,0.002858,0.009370,0.023105,0.021731,0.015321,0.166785
img_04705.jpg,0.175438,0.021036,0.000389,0.001804,0.011876,0.008990,0.005170,0.170965
img_04712.jpg,0.268591,0.063593,0.004420,0.009078,0.053328,0.031868,0.018547,0.226068
img_04719.jpg,0.264075,0.029305,0.001825,0.004529,0.007149,0.022745,0.019811,0.171030
img_04723.jpg,0.280674,0.039992,0.001755,0.004766,0.006025,0.012086,0.012781,0.281777
img_04726.jpg,0.251884,0.033672,0.000404,0.002964,0.654117,0.024623,0.002898,0.039461
img_04740.jpg,0.303295,0.069202,0.009660,0.019370,0.050408,0.060044,0.043767,0.181000
img_04750.jpg,0.357051,0.073857,0.006448,0.017256,0.043742,0.035698,0.024574,0.230355
img_04752.jpg,0.518825,0.039579,0.003291,0.010059,0.022558,0.027788,0.019548,0.140434
img_04757.jpg,0.298951,0.030443,0.001721,0.004665,0.007611,0.022363,0.018323,0.163932
img_04766.jpg,0.271610,0.015378,0.000467,0.001580,0.003245,0.010875,0.008763,0.130117
img_04795.jpg,0.262506,0.023522,0.001334,0.003539,0.006621,0.020018,0.016751,0.149793
img_04811.jpg,0.378115,0.109265,0.014556,0.026048,0.048296,0.059217,0.040020,0.307938
img_04814.jpg,0.311786,0.041455,0.001937,0.004870,0.006584,0.012936,0.013570,0.273705
img_04830.jpg,0.700058,0.011887,0.000661,0.003466,0.008412,0.012725,0.007820,0.081472
img_04835.jpg,0.265746,0.028769,0.006124,0.010442,0.029875,0.074232,0.055880,0.145626
img_04856.jpg,0.447602,0.058841,0.005941,0.015041,0.036123,0.040626,0.027853,0.169392
img_04860.jpg,0.497417,0.037197,0.003227,0.010270,0.025566,0.027738,0.019159,0.131221
img_04870.jpg,0.472847,0.048379,0.004676,0.013822,0.029578,0.034534,0.024104,0.164616
img_04872.jpg,0.499015,0.074288,0.012571,0.032100,0.043488,0.061832,0.046528,0.195350
img_04879.jpg,0.246023,0.028992,0.005855,0.009704,0.018787,0.057064,0.050260,0.184087
img_04885.jpg,0.276944,0.027695,0.005417,0.009960,0.034793,0.070218,0.048769,0.131526
img_04888.jpg,0.490881,0.037883,0.001703,0.005816,0.007881,0.015919,0.012009,0.187146
img_04921.jpg,0.209763,0.013806,0.001507,0.003854,0.012266,0.030532,0.021721,0.125357
img_04949.jpg,0.208280,0.042011,0.000852,0.002763,0.009579,0.012029,0.007192,0.192149
img_04959.jpg,0.418600,0.057013,0.005252,0.013279,0.030720,0.035379,0.026316,0.189792
img_04962.jpg,0.329355,0.040327,0.001598,0.004339,0.008705,0.011565,0.011545,0.219708
img_04975.jpg,0.281663,0.025234,0.001458,0.004017,0.007142,0.020934,0.019376,0.154885
img_04990.jpg,0.258250,0.019892,0.001195,0.002830,0.004715,0.018835,0.016086,0.172145
img_04991.jpg,0.245441,0.026322,0.005131,0.008879,0.017744,0.054029,0.047675,0.174040
img_05015.jpg,0.431932,0.058159,0.006442,0.017013,0.038791,0.036518,0.029499,0.171004
img_05016.jpg,0.223375,0.017130,0.002167,0.004830,0.011671,0.033022,0.027735,0.149823
img_05021.jpg,0.481555,0.098906,0.020298,0.041249,0.097546,0.079706,0.059164,0.204858
img_05026.jpg,0.279494,0.025661,0.001208,0.003171,0.005586,0.017582,0.014572,0.163487
img_05030.jpg,0.214787,0.023126,0.002244,0.004336,0.007192,0.030878,0.027875,0.183170
img_05038.jpg,0.226677,0.019218,0.001119,0.002899,0.005371,0.019398,0.015309,0.172237
img_05046.jpg,0.210607,0.029247,0.001970,0.004161,0.007592,0.025171,0.021097,0.198368
img_05055.jpg,0.334018,0.028785,0.000975,0.004424,0.012564,0.012997,0.009037,0.143511
img_05059.jpg,0.271172,0.025869,0.000383,0.002830,0.478320,0.020521,0.003254,0.040255
img_05064.jpg,0.444954,0.056951,0.005605,0.013242,0.039971,0.038323,0.025431,0.160600
img_05068.jpg,0.388912,0.045316,0.002791,0.009165,0.020276,0.025849,0.019516,0.172643
img_05074.jpg,0.308721,0.047441,0.002462,0.007844,0.023027,0.019678,0.015175,0.187972
img_05076.jpg,0.272500,0.022572,0.000930,0.002632,0.004699,0.015582,0.012438,0.154776
img_05078.jpg,0.262430,0.052580,0.003241,0.007711,0.050945,0.027623,0.014665,0.194540
img_05084.jpg,0.238753,0.023599,0.001328,0.003416,0.006261,0.020086,0.016192,0.169552
img_05085.jpg,0.389195,0.019802,0.000755,0.003858,0.011269,0.012506,0.008426,0.106599
img_05087.jpg,0.501975,0.041714,0.002970,0.010719,0.021994,0.025583,0.020105,0.165812
img_05095.jpg,0.514880,0.047944,0.004853,0.014960,0.027218,0.035098,0.024236,0.145155
img_05119.jpg,0.429545,0.036475,0.002415,0.008470,0.017433,0.021495,0.015027,0.162335
img_05137.jpg,0.276221,0.033179,0.002609,0.005242,0.008995,0.029260,0.025896,0.182749
img_05139.jpg,0.283762,0.036017,0.001241,0.003505,0.006406,0.009088,0.010295,0.246175
img_05147.jpg,0.429132,0.059056,0.006444,0.017091,0.037887,0.036553,0.029337,0.172649
img_05156.jpg,0.435297,0.061345,0.005868,0.014816,0.034088,0.036903,0.026515,0.183844
img_05185.jpg,0.505341,0.031996,0.001346,0.004824,0.006213,0.013479,0.010757,0.169424
img_05186.jpg,0.355603,0.027794,0.001220,0.004817,0.018615,0.014262,0.009681,0.163469
img_05192.jpg,0.252696,0.024394,0.001269,0.002867,0.005154,0.019148,0.015917,0.174162
img_05196.jpg,0.387888,0.088635,0.013221,0.024917,0.049491,0.062049,0.048948,0.230766
img_05209.jpg,0.421708,0.049994,0.004430,0.011425,0.033596,0.033179,0.022352,0.172522
img_05210.jpg,0.335489,0.032867,0.001429,0.005136,0.012683,0.014996,0.011836,0.157017
img_05211.jpg,0.215672,0.029270,0.002046,0.004288,0.007342,0.025380,0.021476,0.203624
img_05222.jpg,0.510657,0.057099,0.005453,0.014281,0.023533,0.031106,0.024320,0.176451
img_05236.jpg,0.268957,0.028220,0.001633,0.003905,0.006306,0.021252,0.018953,0.172950
img_05241.jpg,0.487737,0.044695,0.003759,0.010738,0.024066,0.030111,0.020361,0.157883
img_05244.jpg,0.498403,0.074107,0.011769,0.027049,0.044629,0.059938,0.044864,0.189330
img_05251.jpg,0.209938,0.022473,0.002326,0.004563,0.007832,0.031730,0.029221,0.181551
img_05253.jpg,0.301335,0.038171,0.001680,0.004356,0.008331,0.011840,0.013441,0.219220
img_05260.jpg,0.401801,0.065363,0.006372,0.015471,0.032832,0.039322,0.026924,0.228973
img_05264.jpg,0.268095,0.032700,0.001031,0.003177,0.004618,0.007466,0.008651,0.275527
img_05268.jpg,0.318613,0.031454,0.001913,0.005030,0.007838,0.022511,0.018941,0.169061
img_05269.jpg,0.465555,0.054737,0.004033,0.010006,0.017417,0.028053,0.022414,0.180492
img_05273.jpg,0.380476,0.067409,0.005786,0.013379,0.034929,0.038576,0.027419,0.198739
img_05276.jpg,0.246042,0.030335,0.000320,0.002583,0.678038,0.022954,0.002540,0.034253
img_05284.jpg,0.237876,0.036058,0.000760,0.002479,0.006462,0.010267,0.005613,0.217503
img_05292.jpg,0.257514,0.026090,0.001398,0.003574,0.005834,0.019034,0.016428,0.179394
img_05293.jpg,0.255367,0.032017,0.005173,0.010247,0.038247,0.066241,0.044519,0.134362
img_05322.jpg,0.560561,0.056242,0.009701,0.024927,0.070815,0.056503,0.039268,0.146738
img_05328.jpg,0.539379,0.036562,0.002798,0.009569,0.019934,0.028793,0.021463,0.110904
img_05336.jpg,0.454708,0.064108,0.007306,0.020669,0.033620,0.042248,0.030411,0.213742
img_05341.jpg,0.443149,0.053668,0.005052,0.011953,0.032461,0.034770,0.024283,0.166635
img_05349.jpg,0.242184,0.045448,0.001082,0.003897,0.010205,0.012909,0.007314,0.216167
img_05359.jpg,0.253322,0.024566,0.001319,0.003516,0.005588,0.018617,0.015892,0.178974
img_05378.jpg,0.466096,0.040189,0.002148,0.006627,0.013557,0.018963,0.015759,0.161396
img_05393.jpg,0.202407,0.042461,0.000853,0.002938,0.009743,0.012188,0.006899,0.197862
img_05410.jpg,0.323008,0.054362,0.003183,0.007288,0.012378,0.017122,0.017887,0.259424
img_05426.jpg,0.439383,0.058556,0.006688,0.017783,0.039263,0.036983,0.029740,0.171554
img_05433.jpg,0.309693,0.030687,0.001778,0.004749,0.007486,0.021569,0.018114,0.167410
img_05434.jpg,0.449685,0.059459,0.005613,0.015146,0.031898,0.036121,0.024934,0.179718
img_05438.jpg,0.503757,0.075770,0.011326,0.028495,0.055711,0.059651,0.043665,0.184346
img_05439.jpg,0.468962,0.039787,0.003265,0.009885,0.024366,0.027833,0.019199,0.139138
img_05440.jpg,0.443242,0.049547,0.004892,0.012190,0.039299,0.035500,0.024083,0.161275
img_05445.jpg,0.524564,0.035581,0.003109,0.010025,0.024038,0.027244,0.018754,0.125266
img_05454.jpg,0.249141,0.073730,0.004390,0.011358,0.113360,0.035407,0.016858,0.238589
img_05459.jpg,0.406651,0.072825,0.008990,0.023694,0.043403,0.044700,0.034609,0.219442
img_05463.jpg,0.246717,0.025215,0.001277,0.003345,0.005616,0.018043,0.015419,0.174727
img_05471.jpg,0.235330,0.032711,0.002196,0.004933,0.008641,0.026232,0.021916,0.187975
img_05475.jpg,0.459360,0.113972,0.020968,0.040531,0.062528,0.080300,0.061984,0.235770
img_05479.jpg,0.443014,0.077706,0.012223,0.027434,0.050688,0.056954,0.043821,0.204121
img_05488.jpg,0.563542,0.057172,0.007402,0.018975,0.031586,0.041433,0.031575,0.165543
img_05489.jpg,0.485450,0.049898,0.004710,0.014227,0.020289,0.033024,0.025207,0.171873
img_05492.jpg,0.278035,0.041274,0.001837,0.005145,0.005834,0.011950,0.012587,0.302129
img_05508.jpg,0.351399,0.016006,0.000462,0.002544,0.009839,0.009201,0.006553,0.108103
img_05516.jpg,0.247137,0.026373,0.001423,0.003301,0.005165,0.019774,0.016560,0.176896
img_05520.jpg,0.274692,0.015241,0.002456,0.005295,0.017388,0.038318,0.031160,0.129951
img_05525.jpg,0.512657,0.046904,0.005462,0.016876,0.034539,0.037709,0.026153,0.132591
img_05539.jpg,0.485738,0.044074,0.003680,0.010621,0.023780,0.029709,0.019978,0.156376
img_05548.jpg,0.547668,0.048941,0.005447,0.015667,0.029576,0.035048,0.026394,0.148690
img_05558.jpg,0.276850,0.019813,0.000700,0.002281,0.004008,0.012506,0.010265,0.145581
img_05563.jpg,0.484957,0.078396,0.011566,0.030570,0.049414,0.058296,0.041288,0.194812
img_05568.jpg,0.556139,0.034806,0.002228,0.007974,0.009643,0.018600,0.014737,0.178693
img_05572.jpg,0.225504,0.025416,0.001519,0.003282,0.004873,0.020532,0.017069,0.204295
img_05580.jpg,0.256516,0.019190,0.001104,0.002723,0.005187,0.018612,0.014882,0.159331
img_05584.jpg,0.377613,0.053664,0.003717,0.009439,0.016679,0.026530,0.021331,0.212090
img_05587.jpg,0.485127,0.058947,0.007177,0.018219,0.040741,0.045391,0.033023,0.151332
img_05595.jpg,0.278920,0.014911,0.000438,0.001497,0.003254,0.010508,0.008569,0.125401
img_05603.jpg,0.436154,0.060101,0.006105,0.014634,0.031772,0.040821,0.029652,0.177932
img_05612.jpg,0.450991,0.034765,0.002442,0.008915,0.019063,0.022036,0.015703,0.151026
img_05613.jpg,0.299364,0.025556,0.001370,0.003768,0.005764,0.018828,0.016681,0.168837
img_05615.jpg,0.463177,0.032679,0.001611,0.006935,0.018372,0.019670,0.013233,0.142088
img_05623.jpg,0.461463,0.074378,0.011417,0.026413,0.048700,0.060101,0.043951,0.181078
img_05640.jpg,0.543180,0.083587,0.017030,0.038429,0.061661,0.074585,0.055447,0.196675
img_05653.jpg,0.444002,0.059099,0.005614,0.014609,0.033215,0.036828,0.027656,0.160898
img_05654.jpg,0.465164,0.058928,0.006506,0.019072,0.031008,0.039431,0.028307,0.203887
img_05657.jpg,0.408544,0.047586,0.003320,0.009675,0.021133,0.027256,0.019192,0.182376
img_05672.jpg,0.231788,0.029108,0.005655,0.008882,0.016921,0.060299,0.049742,0.189948
img_05673.jpg,0.430433,0.056622,0.005091,0.012692,0.035635,0.038062,0.025548,0.162369
img_05682.jpg,0.274817,0.021007,0.001031,0.002491,0.003693,0.015086,0.015232,0.169234
img_05692.jpg,0.300149,0.036023,0.001346,0.003782,0.007015,0.009452,0.010812,0.239770
img_05718.jpg,0.275480,0.022864,0.004099,0.008301,0.033310,0.064569,0.040122,0.116206
img_05719.jpg,0.279814,0.040673,0.001759,0.005175,0.005289,0.011715,0.012226,0.313618
img_05721.jpg,0.293443,0.037929,0.001395,0.003857,0.006959,0.009780,0.010860,0.253861
img_05722.jpg,0.496019,0.049114,0.004669,0.012452,0.026116,0.034533,0.025061,0.153628
img_05724.jpg,0.403775,0.073933,0.010121,0.027375,0.042393,0.048720,0.040102,0.238659
img_05731.jpg,0.474724,0.096029,0.020672,0.042769,0.100712,0.081916,0.059679,0.207392
img_05735.jpg,0.260045,0.036059,0.002706,0.005159,0.007870,0.028772,0.024257,0.200573
img_05740.jpg,0.414107,0.062215,0.007812,0.016953,0.030766,0.044261,0.038847,0.178457
img_05743.jpg,0.477027,0.042560,0.003425,0.009892,0.022721,0.028668,0.018878,0.152941
img_05754.jpg,0.208114,0.013317,0.001414,0.003740,0.011675,0.029864,0.020981,0.125495
img_05755.jpg,0.503494,0.053401,0.005915,0.017484,0.040880,0.037050,0.024860,0.163769
img_05766.jpg,0.488303,0.049250,0.005152,0.014413,0.027234,0.032104,0.024933,0.175140
img_05768.jpg,0.230367,0.023432,0.001433,0.003368,0.005352,0.020014,0.017682,0.190490
img_05775.jpg,0.478297,0.072145,0.011116,0.027338,0.057790,0.054298,0.039000,0.195409
img_05790.jpg,0.439671,0.053586,0.005149,0.013102,0.038530,0.037295,0.023787,0.162753
img_05792.jpg,0.303310,0.024850,0.001064,0.003369,0.006080,0.016854,0.013807,0.142925
img_05794.jpg,0.558836,0.056244,0.007651,0.020168,0.033215,0.046065,0.034635,0.152382
img_05805.jpg,0.496272,0.047010,0.004149,0.012584,0.022543,0.027628,0.020680,0.167656
img_05813.jpg,0.460224,0.068366,0.008778,0.022173,0.031003,0.047326,0.036886,0.199227
img_05817.jpg,0.234379,0.033144,0.002218,0.004970,0.008809,0.026617,0.022090,0.185866
img_05824.jpg,0.294810,0.039124,0.002058,0.006121,0.013067,0.018840,0.014625,0.188165
img_05828.jpg,0.629918,0.021497,0.001757,0.006894,0.015260,0.023085,0.016531,0.115778
img_05835.jpg,0.478514,0.044358,0.003743,0.010614,0.024736,0.028738,0.019969,0.158989
img_05838.jpg,0.421703,0.081638,0.014410,0.032432,0.048336,0.059705,0.048020,0.242081
img_05857.jpg,0.419871,0.083166,0.014842,0.033589,0.051318,0.061030,0.048989,0.242209
img_05864.jpg,0.290023,0.052020,0.002022,0.006507,0.015848,0.020758,0.013399,0.206297
img_05879.jpg,0.453325,0.068219,0.008552,0.022463,0.033910,0.047986,0.035742,0.204053
img_05882.jpg,0.323688,0.034519,0.001797,0.004825,0.007840,0.021863,0.017375,0.168206
img_05896.jpg,0.510875,0.055426,0.006738,0.018244,0.031679,0.041392,0.031942,0.167925
img_05908.jpg,0.314134,0.042479,0.003627,0.010515,0.032578,0.032078,0.023035,0.178502
img_05915.jpg,0.313139,0.052978,0.003061,0.006585,0.011572,0.016830,0.016741,0.258262
img_05916.jpg,0.478336,0.047359,0.003092,0.008495,0.016243,0.023565,0.018937,0.162760
img_05922.jpg,0.477475,0.057185,0.005581,0.016636,0.038425,0.036470,0.024136,0.159337
img_05927.jpg,0.555427,0.065851,0.011141,0.028575,0.073864,0.062814,0.043516,0.147829
img_05940.jpg,0.630034,0.021430,0.001793,0.007079,0.015840,0.023383,0.016555,0.117775
img_05948.jpg,0.230338,0.018560,0.002474,0.005753,0.016429,0.036335,0.028978,0.142593
img_05950.jpg,0.475599,0.032301,0.001691,0.007011,0.019057,0.020426,0.013706,0.140017
img_05953.jpg,0.382346,0.048172,0.005024,0.010503,0.016426,0.038826,0.033623,0.173343
img_05958.jpg,0.325096,0.063539,0.004214,0.009864,0.017498,0.022220,0.018862,0.265742
img_05960.jpg,0.273794,0.021671,0.001227,0.003047,0.005172,0.017835,0.015792,0.170832
img_05963.jpg,0.295875,0.038865,0.002929,0.006474,0.011382,0.030806,0.023875,0.182341
img_05967.jpg,0.499349,0.050388,0.005164,0.014159,0.035100,0.033887,0.023291,0.158776
img_05976.jpg,0.239975,0.032360,0.002311,0.004982,0.008929,0.027426,0.023094,0.185061
img_05979.jpg,0.302337,0.042451,0.001941,0.006531,0.018250,0.017000,0.013030,0.183711
img_05981.jpg,0.324368,0.044890,0.002479,0.008208,0.022772,0.021275,0.015074,0.180798
img_05989.jpg,0.400897,0.064735,0.006018,0.013318,0.034135,0.035709,0.027136,0.186406
img_06001.jpg,0.410158,0.068195,0.008050,0.018720,0.031742,0.045863,0.035640,0.200756
img_06003.jpg,0.448754,0.056965,0.005683,0.016059,0.029949,0.035633,0.026511,0.189429
img_06010.jpg,0.256883,0.036175,0.002805,0.005762,0.009424,0.029418,0.024656,0.196126
img_06021.jpg,0.267545,0.038942,0.001424,0.003638,0.005114,0.009924,0.011598,0.287980
img_06033.jpg,0.174380,0.030768,0.000753,0.002449,0.014067,0.012351,0.008209,0.202708
img_06037.jpg,0.529215,0.043053,0.003861,0.011929,0.022346,0.031668,0.024011,0.136876
img_06038.jpg,0.358218,0.046905,0.002683,0.006779,0.012960,0.016417,0.016535,0.212237
img_06042.jpg,0.220440,0.031640,0.002473,0.004800,0.008800,0.028962,0.024470,0.203294
img_06059.jpg,0.354590,0.037481,0.002510,0.008514,0.019007,0.025017,0.018378,0.148356
img_06065.jpg,0.214544,0.018318,0.001089,0.002822,0.005137,0.019464,0.015747,0.171924
img_06067.jpg,0.277131,0.037571,0.001329,0.003710,0.005429,0.009767,0.011088,0.275696
img_06076.jpg,0.270823,0.076547,0.003885,0.011114,0.032982,0.033513,0.018962,0.215421
img_06097.jpg,0.265444,0.028805,0.001956,0.004493,0.007872,0.024203,0.020810,0.172692
img_06099.jpg,0.409125,0.041717,0.002491,0.008187,0.024768,0.020406,0.014248,0.149907
img_06101.jpg,0.278992,0.039854,0.001493,0.004071,0.007329,0.010234,0.011053,0.262252
img_06103.jpg,0.485362,0.032182,0.001645,0.005505,0.010434,0.015755,0.014170,0.149526
img_06137.jpg,0.292282,0.042728,0.002004,0.005198,0.007924,0.013026,0.014220,0.277713
img_06144.jpg,0.382078,0.063267,0.004938,0.012796,0.022299,0.028440,0.021852,0.253774
img_06147.jpg,0.418444,0.053892,0.005234,0.013154,0.026771,0.033504,0.029070,0.166862
img_06165.jpg,0.259396,0.031045,0.000841,0.002473,0.003784,0.007771,0.008215,0.233390
img_06174.jpg,0.492435,0.076743,0.011604,0.031865,0.050087,0.057527,0.041534,0.194812
img_06186.jpg,0.419391,0.081868,0.013573,0.030681,0.045461,0.056583,0.045553,0.245987
img_06189.jpg,0.489910,0.064526,0.009211,0.023473,0.040455,0.052254,0.038751,0.169284
img_06203.jpg,0.247092,0.026090,0.001305,0.003308,0.005499,0.018865,0.015838,0.172498
img_06207.jpg,0.484591,0.043457,0.003619,0.010281,0.023906,0.029535,0.019585,0.153075
img_06210.jpg,0.257695,0.026275,0.001422,0.003677,0.005946,0.019280,0.016852,0.179736
img_06211.jpg,0.523934,0.077127,0.012943,0.028250,0.056136,0.066227,0.046332,0.176045
img_06237.jpg,0.434272,0.060974,0.006279,0.014839,0.032255,0.041599,0.030029,0.179041
img_06238.jpg,0.492504,0.068840,0.008413,0.021303,0.047819,0.049693,0.033297,0.165074
img_06259.jpg,0.305638,0.039528,0.001759,0.004559,0.008900,0.012355,0.013515,0.220590
img_06261.jpg,0.303483,0.025769,0.001070,0.003277,0.005717,0.016900,0.013869,0.141964
img_06268.jpg,0.220599,0.016408,0.000213,0.001171,0.009077,0.004399,0.002921,0.147136
img_06272.jpg,0.376315,0.099708,0.019506,0.037282,0.157385,0.084624,0.051168,0.199458
img_06273.jpg,0.553424,0.055990,0.006837,0.018493,0.028521,0.044275,0.032489,0.155860
img_06285.jpg,0.203390,0.035323,0.001450,0.004307,0.012434,0.017728,0.012758,0.250190
img_06294.jpg,0.588639,0.021482,0.001584,0.006278,0.012525,0.021055,0.015008,0.129115
img_06302.jpg,0.518769,0.031402,0.002357,0.008821,0.019573,0.022346,0.014984,0.140565
img_06311.jpg,0.451850,0.057796,0.005854,0.016396,0.030064,0.034993,0.025532,0.201703
img_06318.jpg,0.237007,0.021580,0.002343,0.004550,0.007985,0.031613,0.027495,0.174210
img_06321.jpg,0.248335,0.024583,0.001463,0.003565,0.006448,0.020425,0.016825,0.176808
img_06324.jpg,0.274717,0.033662,0.002272,0.005195,0.008990,0.026510,0.021801,0.169350
img_06332.jpg,0.477037,0.046097,0.004038,0.011643,0.025250,0.034513,0.024362,0.143673
img_06345.jpg,0.421522,0.068965,0.004839,0.010192,0.017789,0.029155,0.022422,0.244693
img_06346.jpg,0.276496,0.014596,0.002364,0.004982,0.016117,0.037690,0.030577,0.129337
img_06349.jpg,0.194088,0.009191,0.000019,0.000302,0.807057,0.006032,0.000341,0.009601
img_06368.jpg,0.314346,0.067822,0.008435,0.019472,0.042748,0.052253,0.040079,0.197451
img_06369.jpg,0.185659,0.019991,0.000744,0.002095,0.010181,0.007695,0.008661,0.185375
img_06371.jpg,0.434790,0.073115,0.008900,0.020168,0.049945,0.044522,0.035267,0.193781
img_06373.jpg,0.303889,0.034149,0.001259,0.003676,0.006518,0.009026,0.010874,0.233483
img_06401.jpg,0.479419,0.056312,0.006095,0.015645,0.039687,0.040517,0.028749,0.161846
img_06412.jpg,0.210145,0.030105,0.002209,0.004518,0.007436,0.025760,0.022419,0.205144
img_06424.jpg,0.661192,0.011011,0.000539,0.002919,0.006545,0.011434,0.007586,0.088936
img_06426.jpg,0.356510,0.042109,0.002749,0.008436,0.037830,0.023801,0.015571,0.159025
img_06440.jpg,0.266037,0.016014,0.002496,0.005099,0.015890,0.037814,0.030356,0.132602
img_06455.jpg,0.520329,0.072282,0.011535,0.026199,0.052522,0.061737,0.043173,0.171522
img_06469.jpg,0.432093,0.066674,0.009198,0.023113,0.057726,0.051685,0.035860,0.190942
img_06475.jpg,0.255786,0.024250,0.001279,0.003418,0.005187,0.017385,0.014397,0.175512
img_06477.jpg,0.260260,0.023070,0.001275,0.002965,0.004923,0.018641,0.016079,0.174861
img_06489.jpg,0.422561,0.099974,0.019504,0.038674,0.076776,0.071682,0.052623,0.260616
img_06496.jpg,0.439887,0.073707,0.011556,0.024241,0.046243,0.055641,0.043791,0.197729
img_06506.jpg,0.427805,0.032198,0.001703,0.008155,0.035019,0.014350,0.011291,0.154279
img_06508.jpg,0.412694,0.091206,0.014369,0.028499,0.061013,0.062835,0.046433,0.218655
img_06510.jpg,0.514385,0.042385,0.003830,0.015247,0.044916,0.032292,0.019853,0.152092
img_06521.jpg,0.257740,0.030444,0.002250,0.004745,0.008068,0.027186,0.023667,0.180155
img_06522.jpg,0.352849,0.027324,0.001239,0.003761,0.005945,0.016889,0.014266,0.157295
img_06525.jpg,0.453557,0.063078,0.006325,0.015578,0.031887,0.040929,0.030073,0.189395
img_06541.jpg,0.443601,0.071010,0.006224,0.013981,0.026818,0.034928,0.030046,0.197458
img_06547.jpg,0.492840,0.042923,0.003771,0.010755,0.025872,0.029227,0.021931,0.143915
img_06549.jpg,0.432785,0.061454,0.006515,0.017386,0.033284,0.041514,0.032777,0.170334
img_06555.jpg,0.461436,0.050130,0.004079,0.010742,0.027165,0.030517,0.020530,0.166003
img_06559.jpg,0.471275,0.033708,0.002706,0.011637,0.024238,0.028310,0.021451,0.122008
img_06564.jpg,0.504292,0.057254,0.007000,0.018786,0.031709,0.041871,0.033011,0.172020
img_06571.jpg,0.440977,0.052896,0.004809,0.012746,0.025852,0.034158,0.023367,0.168961
img_06585.jpg,0.379605,0.092354,0.015717,0.029033,0.071010,0.068661,0.050239,0.217955
img_06608.jpg,0.498642,0.032003,0.002245,0.008335,0.019041,0.021902,0.015097,0.135134
img_06611.jpg,0.292598,0.038595,0.001629,0.004749,0.004981,0.011535,0.012555,0.294057
img_06614.jpg,0.508415,0.041341,0.003410,0.010327,0.022819,0.028364,0.020003,0.144116
img_06616.jpg,0.281578,0.024491,0.001346,0.003930,0.007338,0.020053,0.017120,0.153032
img_06630.jpg,0.270238,0.022541,0.001463,0.003321,0.005783,0.020316,0.018218,0.174074
img_06637.jpg,0.235025,0.032649,0.000933,0.003763,0.009273,0.010291,0.007435,0.192859
img_06642.jpg,0.317849,0.024397,0.001314,0.003887,0.005927,0.018693,0.016150,0.165336
img_06646.jpg,0.406655,0.047680,0.003305,0.009634,0.021185,0.027063,0.019125,0.182382
img_06658.jpg,0.251194,0.030676,0.002142,0.004687,0.008125,0.027407,0.022891,0.175801
img_06662.jpg,0.463136,0.062851,0.007065,0.017618,0.043481,0.043915,0.030085,0.176335
img_06663.jpg,0.450237,0.055726,0.006357,0.017219,0.039845,0.036640,0.029339,0.161638
img_06673.jpg,0.389480,0.025227,0.000775,0.004079,0.006477,0.009708,0.007202,0.177700
img_06681.jpg,0.571225,0.039240,0.004174,0.014265,0.026760,0.031847,0.022909,0.126377
img_06684.jpg,0.455656,0.067633,0.008695,0.023793,0.039026,0.049204,0.036792,0.192813
img_06685.jpg,0.269211,0.020224,0.000242,0.001979,0.467914,0.016556,0.002409,0.032531
img_06690.jpg,0.311255,0.035834,0.001308,0.003776,0.006709,0.009351,0.011002,0.235191
img_06698.jpg,0.300860,0.031609,0.001814,0.004715,0.007727,0.021970,0.018059,0.168562
img_06732.jpg,0.645478,0.015071,0.000814,0.004302,0.008806,0.014915,0.010279,0.082002
img_06734.jpg,0.397788,0.061907,0.006302,0.016094,0.027352,0.034322,0.027333,0.221671
img_06748.jpg,0.270487,0.044008,0.001955,0.004810,0.006856,0.012201,0.013534,0.296984
img_06756.jpg,0.502868,0.042137,0.004057,0.011906,0.028397,0.031600,0.021787,0.141793
img_06780.jpg,0.258915,0.019176,0.000744,0.002094,0.003773,0.013604,0.011472,0.150600
img_06783.jpg,0.252269,0.026661,0.001369,0.003267,0.005257,0.019849,0.018018,0.170476
img_06798.jpg,0.512287,0.079495,0.012763,0.032714,0.053371,0.062307,0.043356,0.191399
img_06800.jpg,0.451422,0.058181,0.006369,0.016242,0.042350,0.039000,0.028496,0.170936
img_06806.jpg,0.336353,0.052734,0.002399,0.007630,0.011540,0.020691,0.014395,0.215532
img_06807.jpg,0.517026,0.048074,0.004531,0.013409,0.028777,0.035027,0.024054,0.136138
img_06808.jpg,0.454415,0.049798,0.004430,0.011975,0.021724,0.028475,0.022270,0.169883
img_06812.jpg,0.397884,0.029709,0.001322,0.007375,0.034277,0.012976,0.009921,0.139907
img_06831.jpg,0.462652,0.036343,0.002049,0.006626,0.014784,0.021982,0.015813,0.141558
img_06832.jpg,0.493760,0.035241,0.002783,0.009441,0.020820,0.024706,0.017333,0.148467
img_06845.jpg,0.502971,0.059468,0.007870,0.020051,0.044048,0.048941,0.034634,0.149911
img_06849.jpg,0.279513,0.016426,0.000462,0.001810,0.003494,0.010106,0.007919,0.126185
img_06851.jpg,0.263898,0.024211,0.001253,0.003129,0.005305,0.018855,0.015629,0.155911
img_06859.jpg,0.353767,0.066201,0.007908,0.018509,0.046837,0.049698,0.036369,0.174951
img_06860.jpg,0.270074,0.089242,0.012043,0.028026,0.142904,0.054721,0.044332,0.256163
img_06870.jpg,0.407693,0.045576,0.002669,0.008071,0.015693,0.023646,0.017178,0.180328
img_06892.jpg,0.434759,0.058212,0.005722,0.014585,0.036319,0.039200,0.026946,0.170004
img_06893.jpg,0.283325,0.024217,0.001290,0.003807,0.007373,0.020089,0.016666,0.148305
img_06899.jpg,0.501237,0.051941,0.005039,0.014280,0.031151,0.036291,0.025612,0.148329
img_06902.jpg,0.388999,0.018719,0.000611,0.003182,0.009343,0.010671,0.007695,0.104117
img_06909.jpg,0.440631,0.065686,0.008679,0.022507,0.050932,0.050034,0.034730,0.188998
img_06914.jpg,0.433371,0.106087,0.018580,0.034752,0.056998,0.072856,0.056420,0.243042
img_06916.jpg,0.481006,0.057145,0.005707,0.017184,0.039042,0.037065,0.024633,0.157539
img_06921.jpg,0.526601,0.090561,0.016308,0.036660,0.086689,0.071306,0.047840,0.187505
img_06922.jpg,0.257152,0.026493,0.001464,0.003723,0.006042,0.020837,0.017658,0.162794
img_06936.jpg,0.381192,0.044120,0.002885,0.009290,0.023303,0.021848,0.015276,0.167620
img_06939.jpg,0.258260,0.024895,0.001309,0.003316,0.005226,0.019057,0.015892,0.169824
img_06946.jpg,0.264572,0.021826,0.000819,0.002569,0.004359,0.013787,0.010663,0.158718
img_06947.jpg,0.378139,0.099081,0.019386,0.036707,0.162301,0.085847,0.051181,0.194992
img_06955.jpg,0.417396,0.053196,0.004025,0.010052,0.019010,0.027327,0.020733,0.197636
img_06959.jpg,0.542561,0.085810,0.018309,0.040506,0.065760,0.079294,0.059079,0.196542
img_06962.jpg,0.254085,0.025024,0.001426,0.003846,0.006805,0.020542,0.016793,0.154219
img_06966.jpg,0.234282,0.023979,0.001362,0.003411,0.006181,0.020009,0.016378,0.172798
img_06975.jpg,0.275731,0.016197,0.000617,0.002387,0.004715,0.013018,0.010367,0.131817
img_06985.jpg,0.481213,0.042261,0.003736,0.010729,0.026644,0.028560,0.020630,0.156468
img_06986.jpg,0.505832,0.042705,0.003427,0.011253,0.020281,0.025514,0.018314,0.157494
img_07005.jpg,0.473195,0.055491,0.006293,0.016408,0.034525,0.037148,0.028499,0.170378
img_07023.jpg,0.357071,0.023222,0.001119,0.004182,0.009009,0.016214,0.011661,0.152746
img_07043.jpg,0.207439,0.043727,0.003820,0.011196,0.134814,0.027130,0.022906,0.207659
img_07044.jpg,0.299218,0.040128,0.001252,0.004044,0.008611,0.010998,0.009069,0.232242
img_07045.jpg,0.471633,0.052912,0.003797,0.009589,0.016477,0.027152,0.021238,0.180395
img_07050.jpg,0.432986,0.060893,0.007039,0.018770,0.042312,0.038049,0.030338,0.175730
img_07051.jpg,0.205186,0.043285,0.000888,0.003021,0.009716,0.012518,0.007045,0.199613
img_07054.jpg,0.296142,0.049397,0.001459,0.004965,0.013086,0.015559,0.009398,0.192697
img_07060.jpg,0.222984,0.026569,0.003485,0.006628,0.010726,0.039949,0.033350,0.200774
img_07062.jpg,0.314087,0.035956,0.003345,0.009006,0.019655,0.030592,0.023504,0.140616
img_07065.jpg,0.292517,0.023804,0.004747,0.009047,0.034770,0.066857,0.044656,0.121847
img_07068.jpg,0.215034,0.023215,0.002490,0.004619,0.008020,0.032900,0.030845,0.182195
img_07079.jpg,0.331436,0.030834,0.001415,0.005512,0.013656,0.015761,0.011863,0.132089
img_07084.jpg,0.147918,0.036546,0.001006,0.002915,0.008196,0.010169,0.007700,0.302697
img_07086.jpg,0.255033,0.034739,0.002655,0.005585,0.008564,0.028274,0.023574,0.199851
img_07094.jpg,0.380648,0.031332,0.001514,0.006881,0.015816,0.018034,0.013940,0.142820
img_07103.jpg,0.382313,0.043867,0.002823,0.009160,0.022390,0.021870,0.015234,0.166597
img_07110.jpg,0.374881,0.065293,0.005547,0.012780,0.035275,0.037675,0.026098,0.195665
img_07120.jpg,0.342194,0.058156,0.008183,0.017549,0.048911,0.052140,0.040811,0.189930
img_07122.jpg,0.434364,0.074318,0.011448,0.023840,0.045140,0.055034,0.043023,0.202995
img_07137.jpg,0.526102,0.052626,0.004566,0.012220,0.020442,0.028644,0.023304,0.152358
img_07143.jpg,0.390350,0.090378,0.014075,0.028598,0.062472,0.056739,0.042495,0.252950
img_07146.jpg,0.474243,0.038019,0.002395,0.007462,0.016186,0.023838,0.016450,0.137329
img_07147.jpg,0.253472,0.036301,0.000471,0.003241,0.677951,0.026906,0.003388,0.041573
img_07149.jpg,0.575279,0.049231,0.007379,0.020036,0.057532,0.049696,0.033447,0.129256
img_07156.jpg,0.472317,0.069437,0.008851,0.022287,0.035838,0.049554,0.036673,0.186791
img_07157.jpg,0.464025,0.050266,0.004104,0.010619,0.024570,0.029965,0.020376,0.169652
img_07160.jpg,0.390677,0.086012,0.010599,0.024082,0.036904,0.044684,0.036095,0.259924
img_07173.jpg,0.450247,0.059596,0.003894,0.008921,0.015285,0.026264,0.019938,0.217740
img_07179.jpg,0.296652,0.044914,0.003218,0.009143,0.023000,0.027216,0.020018,0.174679
img_07183.jpg,0.247605,0.022644,0.003725,0.007485,0.030466,0.061784,0.037645,0.113117
img_07187.jpg,0.380846,0.038875,0.002032,0.008292,0.020021,0.021165,0.015971,0.143101
img_07188.jpg,0.409029,0.033169,0.001623,0.007357,0.015956,0.018227,0.012848,0.148266
img_07191.jpg,0.328621,0.071143,0.008534,0.020574,0.044181,0.050238,0.038801,0.205610
img_07192.jpg,0.327479,0.035280,0.001760,0.008107,0.042632,0.014538,0.010303,0.182808
img_07199.jpg,0.490421,0.068948,0.010338,0.023216,0.074620,0.055739,0.036097,0.172764
img_07213.jpg,0.338571,0.070060,0.008751,0.021347,0.042638,0.050101,0.039317,0.205512
img_07224.jpg,0.387462,0.039056,0.003795,0.011902,0.020905,0.035340,0.024727,0.144558
img_07231.jpg,0.402082,0.040711,0.001720,0.005676,0.011090,0.016884,0.011940,0.174704
img_07237.jpg,0.506611,0.079105,0.012627,0.032446,0.053195,0.062680,0.043727,0.190524
img_07251.jpg,0.265014,0.024179,0.001574,0.003585,0.006360,0.022484,0.019226,0.162029
img_07270.jpg,0.267042,0.018482,0.000206,0.001708,0.496800,0.015077,0.002152,0.029901
img_07278.jpg,0.419625,0.054055,0.004765,0.013894,0.030060,0.028102,0.021390,0.196901
img_07304.jpg,0.386210,0.043928,0.002956,0.009182,0.020032,0.026618,0.018991,0.158830
img_07314.jpg,0.331012,0.053906,0.003213,0.007526,0.013752,0.018001,0.018393,0.244627
img_07318.jpg,0.328623,0.071158,0.005021,0.011033,0.017777,0.024525,0.021200,0.282444
img_07319.jpg,0.254358,0.030260,0.002208,0.004627,0.007507,0.025943,0.023040,0.187275
img_07330.jpg,0.235304,0.017316,0.001014,0.002720,0.005523,0.019079,0.014762,0.156585
img_07348.jpg,0.329084,0.050880,0.002596,0.006841,0.016022,0.018368,0.013948,0.194618
img_07352.jpg,0.342781,0.037377,0.002152,0.008781,0.022456,0.022368,0.016209,0.155382
img_07354.jpg,0.474587,0.035423,0.001500,0.005331,0.007413,0.013714,0.011636,0.186477
img_07371.jpg,0.299130,0.051522,0.002819,0.006219,0.011137,0.016462,0.015669,0.254303
img_07375.jpg,0.297829,0.031265,0.001778,0.004676,0.007600,0.022116,0.018064,0.168520
img_07409.jpg,0.440665,0.064662,0.007581,0.017430,0.059072,0.046566,0.029823,0.173847
img_07417.jpg,0.345439,0.041307,0.001915,0.005219,0.010293,0.013269,0.014653,0.212415
img_07419.jpg,0.290377,0.057583,0.003354,0.007143,0.012808,0.017840,0.016927,0.281812
img_07420.jpg,0.416539,0.081074,0.010987,0.024771,0.040163,0.049872,0.038423,0.224348
img_07426.jpg,0.456223,0.053544,0.004659,0.011415,0.023885,0.033921,0.024345,0.181575
img_07428.jpg,0.497103,0.052945,0.005725,0.016837,0.041017,0.035865,0.024174,0.164362
img_07434.jpg,0.355421,0.074190,0.006512,0.017259,0.043928,0.035816,0.024771,0.230736
img_07436.jpg,0.258079,0.024046,0.001242,0.003170,0.005581,0.018828,0.015703,0.157405
img_07448.jpg,0.456996,0.063875,0.007059,0.016883,0.045074,0.042141,0.028352,0.183318
img_07460.jpg,0.443931,0.047793,0.004021,0.010575,0.025972,0.029920,0.022168,0.174103
img_07467.jpg,0.385782,0.043053,0.002776,0.009186,0.022272,0.021201,0.015002,0.166343
img_07469.jpg,0.282327,0.037618,0.001340,0.003803,0.006874,0.009548,0.010316,0.258412
img_07474.jpg,0.447926,0.050049,0.003936,0.010569,0.022423,0.030444,0.021500,0.170292
img_07501.jpg,0.354408,0.066729,0.004776,0.012900,0.035646,0.030865,0.020327,0.216082
img_07505.jpg,0.419526,0.048434,0.002585,0.007665,0.015690,0.020885,0.017004,0.175782
img_07508.jpg,0.480756,0.047683,0.004275,0.012461,0.025718,0.035689,0.024855,0.146566
img_07514.jpg,0.500906,0.085223,0.017803,0.041017,0.103058,0.076111,0.052198,0.199193
img_07526.jpg,0.395011,0.035495,0.001729,0.005454,0.010085,0.013180,0.012762,0.183760
img_07528.jpg,0.605328,0.023895,0.001996,0.007174,0.013842,0.024186,0.018092,0.124406
img_07538.jpg,0.253323,0.024197,0.001290,0.003705,0.006383,0.019752,0.015777,0.154270
img_07543.jpg,0.389493,0.088760,0.014170,0.030914,0.062771,0.058551,0.046990,0.225692
img_07553.jpg,0.524124,0.093727,0.017726,0.037926,0.061993,0.077244,0.056113,0.195868
img_07561.jpg,0.516930,0.072690,0.011708,0.027079,0.054146,0.059125,0.041715,0.184353
img_07563.jpg,0.214975,0.022521,0.002439,0.004591,0.008146,0.032899,0.030211,0.176834
img_07574.jpg,0.643873,0.011990,0.000589,0.002996,0.006826,0.011821,0.008006,0.093698
img_07578.jpg,0.257792,0.039764,0.001689,0.004601,0.007079,0.011934,0.012202,0.280418
img_07580.jpg,0.287956,0.023680,0.004574,0.008801,0.033894,0.065650,0.043610,0.122400
img_07583.jpg,0.381960,0.032428,0.001199,0.005124,0.009570,0.014625,0.011462,0.153117
img_07590.jpg,0.384364,0.036400,0.001138,0.004162,0.010080,0.013466,0.010092,0.141883
img_07594.jpg,0.253801,0.020195,0.000895,0.002319,0.003769,0.015044,0.013138,0.161806
img_07616.jpg,0.472881,0.053349,0.005270,0.012588,0.037285,0.037697,0.025386,0.150429
img_07621.jpg,0.295473,0.023126,0.000970,0.002779,0.004757,0.015295,0.012288,0.156862
img_07623.jpg,0.366003,0.040929,0.003256,0.010817,0.021628,0.029270,0.024098,0.192100
img_07628.jpg,0.269311,0.015357,0.000146,0.001322,0.548283,0.013442,0.001712,0.021921
img_07659.jpg,0.260231,0.026040,0.001430,0.003572,0.006657,0.020959,0.017826,0.152011
img_07663.jpg,0.288548,0.047459,0.001345,0.005070,0.011457,0.014653,0.009810,0.187476
img_07678.jpg,0.450699,0.036576,0.002214,0.007631,0.015698,0.021399,0.015162,0.142283
img_07689.jpg,0.449974,0.054989,0.006146,0.017015,0.038806,0.035627,0.028769,0.161506
img_07700.jpg,0.327772,0.066456,0.008115,0.019439,0.041068,0.050902,0.039846,0.194298
img_07717.jpg,0.485040,0.077613,0.011917,0.026916,0.047760,0.057100,0.041034,0.192939
img_07746.jpg,0.219950,0.013747,0.001534,0.003865,0.012216,0.028517,0.020693,0.130671
img_07757.jpg,0.407566,0.048327,0.003370,0.009876,0.021430,0.027261,0.019398,0.183386
img_07792.jpg,0.261238,0.026462,0.001591,0.004107,0.006951,0.021270,0.018029,0.173793
img_07799.jpg,0.436296,0.050419,0.004369,0.011104,0.031940,0.032372,0.021152,0.156827
img_07818.jpg,0.386620,0.043462,0.002834,0.009375,0.022750,0.022023,0.015258,0.166289
img_07833.jpg,0.435621,0.069535,0.007890,0.021019,0.037982,0.044246,0.034243,0.203558
img_07859.jpg,0.213911,0.012872,0.000048,0.000617,0.783243,0.008848,0.000658,0.014771
img_07872.jpg,0.397373,0.044288,0.002782,0.008330,0.018772,0.024381,0.017236,0.177187
img_07893.jpg,0.242292,0.034995,0.002538,0.005200,0.009214,0.029144,0.024716,0.187294
img_07895.jpg,0.463592,0.032636,0.001633,0.006880,0.018198,0.019837,0.013386,0.143772
img_07905.jpg,0.267132,0.017907,0.000677,0.002416,0.004400,0.013319,0.010572,0.138264
img_07906.jpg,0.297277,0.052963,0.002954,0.006547,0.011125,0.016428,0.016397,0.271440
img_07908.jpg,0.466726,0.092936,0.016937,0.036678,0.062583,0.071053,0.053530,0.207601
img_07910.jpg,0.470236,0.042770,0.002687,0.010121,0.019409,0.022491,0.016856,0.192802
img_07921.jpg,0.235290,0.029861,0.005925,0.009237,0.017817,0.061946,0.051075,0.190028
